ORIGIN_AIRPORT,DESTINATION_AIRPORT,DISTANCE,FLY_DATE,LATITUDE,LONGITUDE
ANC,SEA,1448,1/10/2008,61.17432,-149.99619
LAX,PBI,2330,1/11/1990,33.94254,-118.40807
SFO,CLT,2296,1/12/1990,37.619,-122.37484
LAX,MIA,2342,1/10/1990,33.94254,-118.40807
SEA,ANC,1448,1/02/1990,47.44898,-122.30931
SFO,MSP,1589,1/03/1990,37.619,-122.37484
LAS,MSP,1299,1/01/1990,36.08036,-115.15233
LAX,CLT,2125,1/09/1990,33.94254,-118.40807
SFO,DFW,1464,1/11/1990,37.619,-122.37484
LAS,ATL,1747,1/02/1990,36.08036,-115.15233
DEN,ATL,1199,1/01/1990,39.85841,-104.667
LAS,MIA,2174,1/02/1990,36.08036,-115.15233
LAX,MSP,1535,1/03/1990,33.94254,-118.40807
SLC,ATL,1590,1/04/1990,40.78839,-111.97777
SEA,MSP,1399,1/01/1990,47.44898,-122.30931
ANC,SEA,1448,1/01/1990,61.17432,-149.99619
ANC,SEA,1448,1/10/1990,61.17432,-149.99619
SFO,IAH,1635,1/06/1990,37.619,-122.37484
ANC,PDX,1542,1/02/1990,61.17432,-149.99619
PDX,MSP,1426,1/02/1990,45.58872,-122.5975
LAS,MCI,1139,1/10/1990,36.08036,-115.15233
SEA,MIA,2724,1/09/1990,47.44898,-122.30931
LAS,DFW,1055,1/09/1990,36.08036,-115.15233
LAX,MIA,2342,1/06/1990,33.94254,-118.40807
LAS,MSP,1299,1/03/1990,36.08036,-115.15233
LAX,IAH,1379,1/08/1990,33.94254,-118.40807
FAI,SEA,1533,1/03/1990,64.81368,-147.85967
MSP,FLL,1487,1/11/1990,44.88055,-93.21692
LAS,CLT,1916,1/04/1990,36.08036,-115.15233
DEN,MIA,1709,1/12/1990,39.85841,-104.667
PHX,ORD,1440,1/04/1990,33.43417,-112.00806
PHX,MIA,1972,1/05/1990,33.43417,-112.00806
ANC,SEA,1448,1/08/1990,61.17432,-149.99619
SLC,ATL,1590,1/05/1990,40.78839,-111.97777
LAS,IAH,1222,1/11/1990,36.08036,-115.15233
LAS,HNL,2762,1/12/1990,36.08036,-115.15233
ANC,PHX,2552,1/07/1990,61.17432,-149.99619
SJU,EWR,1608,1/07/1990,18.43942,-66.00183
ANC,SEA,1448,1/01/1990,61.17432,-149.99619
SJU,JFK,1598,1/08/1990,18.43942,-66.00183
PBG,FLL,1334,1/08/1990,0,0
PHX,DFW,868,1/04/1990,33.43417,-112.00806
PHX,DFW,868,1/07/1990,33.43417,-112.00806
ANC,PDX,1542,1/07/1990,61.17432,-149.99619
IAG,FLL,1176,1/10/1990,43.10726,-78.94538
SJU,EWR,1608,1/01/1990,18.43942,-66.00183
PHX,CLT,1773,1/02/1990,33.43417,-112.00806
ANC,SEA,1448,1/10/1990,61.17432,-149.99619
PSE,MCO,1179,1/09/1990,18.0083,-66.56301
BQN,EWR,1585,1/03/1990,18.49486,-67.12944
BQN,MCO,1129,1/09/1990,18.49486,-67.12944
SJU,BOS,1674,1/04/1990,18.43942,-66.00183
SJU,MCO,1189,1/06/1990,18.43942,-66.00183
BQN,MCO,1129,1/01/1990,18.49486,-67.12944
PSE,MCO,1179,1/06/1990,18.0083,-66.56301
SJU,BDL,1666,1/08/1990,18.43942,-66.00183
ORD,PHX,1440,1/03/1990,41.9796,-87.90446
GEG,SEA,224,1/05/1990,47.61986,-117.53384
HNL,ITO,216,1/12/1990,21.31869,-157.92241
ONT,SFO,363,1/11/1990,34.056,-117.60119
HNL,KOA,163,1/12/1990,21.31869,-157.92241
ANC,SEA,1448,1/11/1990,61.17432,-149.99619
HNL,OGG,100,1/11/1990,21.31869,-157.92241
ORD,IAH,925,1/03/1990,41.9796,-87.90446
MCO,MIA,192,1/04/1990,28.42889,-81.31603
BOS,MYR,738,1/12/1990,42.36435,-71.00518
HIB,MSP,174,1/02/1990,47.3866,-92.83899
ABR,MSP,257,1/06/1990,45.44906,-98.42183
MAF,IAH,429,1/07/1990,31.94253,-102.20191
SEA,PHX,1107,1/02/1990,47.44898,-122.30931
DFW,MIA,1121,1/05/1990,32.89595,-97.0372
BOS,MIA,1258,1/10/1990,42.36435,-71.00518
MKE,IAH,984,1/05/1990,42.94722,-87.89658
PDX,PHX,1009,1/03/1990,45.58872,-122.5975
IAH,MIA,964,1/01/1990,29.98047,-95.33972
BNA,DTW,456,1/02/1990,36.12448,-86.67818
BRO,IAH,308,1/01/1990,25.90683,-97.42586
VPS,ATL,250,1/12/1991,30.48325,-86.5254
BOI,SFO,522,1/12/1991,43.56444,-116.22278
BJI,MSP,199,1/12/1991,47.50942,-94.93372
HNL,LIH,102,1/02/1991,21.31869,-157.92241
BNA,ATL,214,1/11/1991,36.12448,-86.67818
SGF,DFW,364,1/09/1991,37.24433,-93.38686
PHL,IAH,1325,1/05/1991,39.87195,-75.24114
PDX,DEN,991,1/10/1991,45.58872,-122.5975
SEA,DEN,1024,1/08/1991,47.44898,-122.30931
DEN,DFW,641,1/06/1991,39.85841,-104.667
SBN,ORD,84,1/03/1991,41.70895,-86.31847
PHL,MCO,861,1/04/1991,39.87195,-75.24114
ORD,FLL,1182,1/01/1991,41.9796,-87.90446
RDD,SFO,199,1/07/1991,40.50898,-122.2934
EUG,DEN,996,1/08/1991,44.12326,-123.21869
SFO,DEN,967,1/05/1991,37.619,-122.37484
ORD,DEN,888,1/05/1991,41.9796,-87.90446
IAD,IAH,1190,1/03/1991,38.94453,-77.45581
BUF,JFK,301,1/08/1991,42.94052,-78.73217
PWM,JFK,273,1/06/1991,43.64617,-70.30875
JFK,SJU,1598,1/03/1991,40.63975,-73.77893
CRP,IAH,201,1/06/1991,27.77036,-97.50122
PIA,DTW,346,1/07/1991,40.66424,-89.69331
ORD,DTW,235,1/10/1991,41.9796,-87.90446
FAT,LAX,209,1/10/1991,36.77619,-119.71814
SMF,DEN,909,1/11/1991,38.69542,-121.59077
AUS,LAX,1242,1/06/1991,30.19453,-97.66987
BOS,BWI,369,1/03/1991,42.36435,-71.00518
ORD,BOS,867,1/02/1991,41.9796,-87.90446
PHX,DTW,1671,1/02/1991,33.43417,-112.00806
MCI,ATL,692,1/09/1991,39.29761,-94.71391
BOS,DTW,632,1/09/1991,42.36435,-71.00518
ATL,IAD,534,1/01/1991,33.64044,-84.42694
JAX,EWR,820,1/10/1991,30.49406,-81.68786
MFR,DEN,964,1/11/1991,42.37423,-122.8735
SLC,IAH,1195,1/12/1991,40.78839,-111.97777
IDA,DEN,458,1/12/1991,43.51456,-112.07017
MSN,DEN,826,1/01/1991,43.13986,-89.33751
MKE,DTW,237,1/11/1991,42.94722,-87.89658
GEG,DEN,836,1/07/1991,47.61986,-117.53384
SEA,IAH,1874,1/04/1991,47.44898,-122.30931
DCA,IAH,1208,1/01/1991,38.85208,-77.03772
SAT,DFW,247,1/08/1991,29.53369,-98.46978
JFK,MIA,1089,1/08/1991,40.63975,-73.77893
BOS,PBI,1197,1/07/1991,42.36435,-71.00518
BOS,JFK,187,1/09/1991,42.36435,-71.00518
JFK,BQN,1576,1/04/1991,40.63975,-73.77893
DFW,ATL,731,1/12/1991,32.89595,-97.0372
CHS,EWR,628,1/04/1991,32.89865,-80.04051
MKE,DEN,896,1/05/1991,42.94722,-87.89658
MSP,DEN,680,1/02/1991,44.88055,-93.21692
CHS,DFW,987,1/01/1991,32.89865,-80.04051
DEN,LAX,862,1/01/1991,39.85841,-104.667
SBA,DEN,916,1/01/1991,34.42621,-119.84037
SMX,LAX,134,1/07/1991,34.89925,-120.45758
HNL,KOA,163,1/02/1991,21.31869,-157.92241
BOS,BUF,395,1/02/1991,42.36435,-71.00518
PDX,EWR,2434,1/01/1991,45.58872,-122.5975
IND,PHX,1488,1/11/1991,39.71733,-86.29438
LAX,DEN,862,1/12/1991,33.94254,-118.40807
CLE,IAH,1091,1/10/1991,41.41089,-81.8494
BOS,EWR,200,1/10/1991,42.36435,-71.00518
DEN,PHX,602,1/12/1991,39.85841,-104.667
MCI,PHX,1044,1/12/1991,39.29761,-94.71391
AUS,DFW,190,1/12/1991,30.19453,-97.66987
LAX,DFW,1235,1/07/1991,33.94254,-118.40807
GSP,ATL,153,1/09/1991,34.89567,-82.21886
MCO,EWR,937,1/09/1991,28.42889,-81.31603
MCI,IAH,643,1/07/1991,39.29761,-94.71391
BDL,IAD,326,1/09/1991,41.93887,-72.68323
ABI,DFW,158,1/01/1991,32.41132,-99.6819
RIC,IAH,1157,1/07/1991,37.50517,-77.31967
BFL,DEN,845,1/11/1991,35.4336,-119.05677
SAT,SFO,1482,1/01/1991,29.53369,-98.46978
OMA,IAH,781,1/11/1991,41.30252,-95.89417
RDM,DEN,898,1/06/1991,44.25407,-121.14996
FLL,BDL,1173,1/06/1991,26.07258,-80.15275
CID,ATL,694,1/06/1991,41.88459,-91.71087
SFO,DEN,967,1/05/1991,37.619,-122.37484
MCO,LAX,2218,1/04/1991,28.42889,-81.31603
TPA,EWR,997,1/03/1991,27.97547,-82.53325
SEA,DFW,1660,1/06/1991,47.44898,-122.30931
BOS,DFW,1562,1/03/1991,42.36435,-71.00518
SYR,JFK,209,1/03/1991,43.11119,-76.10631
ROC,JFK,264,1/05/1991,43.11887,-77.67238
TYR,DFW,102,1/08/1991,32.35414,-95.40239
MCI,ORD,403,1/05/1991,39.29761,-94.71391
LAN,ORD,179,1/04/1991,42.7787,-84.58736
BUF,EWR,282,1/08/1991,42.94052,-78.73217
XNA,DFW,280,1/01/1991,36.28187,-94.30681
GSO,EWR,445,1/04/1991,36.09775,-79.9373
ORD,LGA,733,1/02/1991,41.9796,-87.90446
LAX,IAH,1379,1/11/1991,33.94254,-118.40807
EWR,MIA,1085,1/02/1991,40.6925,-74.16866
ONT,DEN,819,1/02/1991,34.056,-117.60119
MSP,DEN,680,1/01/1991,44.88055,-93.21692
PBI,IAH,956,1/03/1991,26.68316,-80.09559
PHX,IAH,1009,1/05/1991,33.43417,-112.00806
RSW,IAH,861,1/08/1991,26.53617,-81.75517
EWR,MCO,937,1/10/1991,40.6925,-74.16866
OMA,ORD,416,1/10/1991,41.30252,-95.89417
SMF,PHX,647,1/09/1992,38.69542,-121.59077
OAK,PHX,646,1/09/1992,37.72129,-122.22072
PVD,CLT,683,1/06/1992,41.724,-71.42822
RNO,DEN,804,1/06/1992,39.49858,-119.76806
PIT,IAH,1117,1/03/1992,40.49147,-80.23287
DEN,IAH,862,1/03/1992,39.85841,-104.667
BOS,BWI,369,1/06/1992,42.36435,-71.00518
LAS,BWI,2106,1/08/1992,36.08036,-115.15233
ABQ,HOU,759,1/10/1992,35.04022,-106.60919
PHX,SLC,507,1/10/1992,33.43417,-112.00806
PIT,FLL,994,1/12/1992,40.49147,-80.23287
PVD,BWI,327,1/08/1992,41.724,-71.42822
SFO,ATL,2139,1/03/1992,37.619,-122.37484
SFO,ORD,1846,1/02/1992,37.619,-122.37484
MCO,EWR,937,1/12/1992,28.42889,-81.31603
PDX,IAH,1825,1/12/1992,45.58872,-122.5975
BOS,ORD,867,1/04/1992,42.36435,-71.00518
SFO,LAX,337,1/02/1992,37.619,-122.37484
SAT,LAX,1211,1/02/1992,29.53369,-98.46978
BOS,LAX,2611,1/05/1992,42.36435,-71.00518
SEA,EWR,2402,1/04/1992,47.44898,-122.30931
LAX,ORD,1744,1/11/1992,33.94254,-118.40807
IAH,PHX,1009,1/11/1992,29.98047,-95.33972
MCO,PHX,1849,1/08/1992,28.42889,-81.31603
SFO,PHX,651,1/10/1992,37.619,-122.37484
DFW,MCO,985,1/11/1992,32.89595,-97.0372
MIA,PHL,1013,1/07/1992,25.79325,-80.29056
SLC,DFW,989,1/07/1992,40.78839,-111.97777
DCA,DFW,1192,1/07/1992,38.85208,-77.03772
MIA,DFW,1121,1/05/1992,25.79325,-80.29056
BWI,MIA,946,1/04/1992,39.1754,-76.6682
DFW,LGA,1389,1/05/1992,32.89595,-97.0372
LGA,DFW,1389,1/01/1992,40.77724,-73.87261
DEN,ORD,888,1/01/1992,39.85841,-104.667
MCI,DFW,460,1/01/1992,39.29761,-94.71391
MCO,DFW,985,1/06/1992,28.42889,-81.31603
SFO,DFW,1464,1/09/1992,37.619,-122.37484
TUL,DFW,237,1/03/1992,36.19837,-95.88824
LGA,MIA,1096,1/11/1992,40.77724,-73.87261
LIT,DFW,304,1/01/1992,34.7294,-92.22425
MIA,LGA,1096,1/12/1992,25.79325,-80.29056
LAS,DFW,1055,1/11/1992,36.08036,-115.15233
PDX,DFW,1616,1/03/1992,45.58872,-122.5975
TPA,DFW,929,1/02/1992,27.97547,-82.53325
SMF,DFW,1431,1/01/1992,38.69542,-121.59077
MSY,MIA,675,1/04/1992,29.99339,-90.25803
LAX,ORD,1744,1/08/1992,33.94254,-118.40807
OMA,DFW,583,1/02/1992,41.30252,-95.89417
OKC,DFW,175,1/11/1992,35.39309,-97.60073
SEA,ANC,1448,1/01/1992,47.44898,-122.30931
FAI,ANC,261,1/05/1992,64.81368,-147.85967
SEA,SJC,697,1/03/1992,47.44898,-122.30931
SEA,OAK,671,1/09/1992,47.44898,-122.30931
PDX,SJC,569,1/02/1992,45.58872,-122.5975
LAX,SEA,954,1/01/1992,33.94254,-118.40807
PHX,SEA,1107,1/11/1992,33.43417,-112.00806
DEN,SEA,1024,1/01/1992,39.85841,-104.667
GEG,SEA,224,1/06/1992,47.61986,-117.53384
RSW,JFK,1074,1/02/1992,26.53617,-81.75517
PBI,JFK,1028,1/03/1992,26.68316,-80.09559
JFK,PBI,1028,1/09/1992,40.63975,-73.77893
TPA,JFK,1005,1/10/1992,27.97547,-82.53325
FLL,LGA,1076,1/05/1992,26.07258,-80.15275
OAK,LGB,353,1/06/1992,37.72129,-122.22072
LGA,FLL,1076,1/07/1992,40.77724,-73.87261
JFK,MCO,944,1/12/1992,40.63975,-73.77893
EWR,FLL,1065,1/07/1992,40.6925,-74.16866
JFK,TPA,1005,1/03/1992,40.63975,-73.77893
PSE,JFK,1617,1/04/1992,18.0083,-66.56301
MSY,JFK,1182,1/04/1992,29.99339,-90.25803
AUS,JFK,1521,1/10/1992,30.19453,-97.66987
BQN,JFK,1576,1/04/1992,18.49486,-67.12944
TPA,BOS,1185,1/08/1992,27.97547,-82.53325
JAX,JFK,828,1/02/1993,30.49406,-81.68786
DCA,BOS,399,1/04/1993,38.85208,-77.03772
JFK,ATL,760,1/03/1993,40.63975,-73.77893
LGA,DTW,502,1/11/1993,40.77724,-73.87261
RNO,SLC,422,1/01/1993,39.49858,-119.76806
BOS,JFK,187,1/05/1993,42.36435,-71.00518
BOS,MSP,1124,1/09/1993,42.36435,-71.00518
LGA,ATL,762,1/12/1993,40.77724,-73.87261
ORD,ATL,606,1/06/1993,41.9796,-87.90446
ANC,MSP,2519,1/12/1993,61.17432,-149.99619
ATW,ATL,765,1/03/1993,44.25741,-88.51948
PHX,ATL,1587,1/09/1993,33.43417,-112.00806
PNS,ATL,271,1/01/1993,30.47331,-87.18744
MCO,SLC,1931,1/10/1993,28.42889,-81.31603
ONT,DFW,1188,1/05/1993,34.056,-117.60119
DCA,MIA,919,1/04/1993,38.85208,-77.03772
RIC,ATL,481,1/01/1993,37.50517,-77.31967
LAX,ATL,1947,1/05/1993,33.94254,-118.40807
BOS,ATL,946,1/05/1993,42.36435,-71.00518
LAS,DTW,1749,1/04/1993,36.08036,-115.15233
OKC,ATL,761,1/08/1993,35.39309,-97.60073
MCO,MSP,1310,1/12/1993,28.42889,-81.31603
MEM,ATL,332,1/11/1993,35.04242,-89.97667
TUL,ATL,674,1/06/1993,36.19837,-95.88824
BWI,DTW,409,1/11/1993,39.1754,-76.6682
BOS,PHL,280,1/07/1993,42.36435,-71.00518
MCO,LGA,950,1/06/1993,28.42889,-81.31603
FLL,JFK,1069,1/06/1993,26.07258,-80.15275
SJU,JFK,1598,1/04/1993,18.43942,-66.00183
BOS,DCA,399,1/07/1993,42.36435,-71.00518
TYS,DFW,772,1/02/1993,35.81249,-83.99286
MHT,ORD,843,1/02/1993,42.93452,-71.43706
SAV,EWR,708,1/03/1993,32.12758,-81.20214
MEM,EWR,946,1/02/1993,35.04242,-89.97667
CLT,ORD,599,1/08/1993,35.21401,-80.94313
TYS,IAD,419,1/09/1993,35.81249,-83.99286
GRB,ORD,173,1/10/1993,44.48507,-88.12959
ABE,DTW,425,1/03/1993,40.65236,-75.4404
JAN,ATL,341,1/12/1993,32.31117,-90.07589
OAJ,ATL,399,1/01/1993,34.82916,-77.61214
FAR,ORD,557,1/03/1993,46.91935,-96.81499
JAN,ORD,677,1/02/1993,32.31117,-90.07589
ERI,ORD,398,1/04/1993,42.08202,-80.17622
ATW,ORD,160,1/01/1993,44.25741,-88.51948
LEX,ORD,323,1/01/1993,38.03697,-84.60539
CWA,ORD,212,1/02/1993,44.77762,-89.66678
MSO,DEN,679,1/11/1993,46.91631,-114.09056
ORD,MIA,1197,1/03/1993,41.9796,-87.90446
CLE,FLL,1062,1/11/1993,41.41089,-81.8494
IAH,SFO,1635,1/12/1993,29.98047,-95.33972
SEA,DEN,1024,1/09/1993,47.44898,-122.30931
SFO,IAH,1635,1/01/1994,37.619,-122.37484
TTN,ATL,701,1/12/1994,40.27669,-74.81347
ATL,TTN,701,1/10/1994,33.64044,-84.42694
HNL,ITO,216,1/06/1994,21.31869,-157.92241
MAF,DFW,309,1/09/1994,31.94253,-102.20191
AMA,DFW,312,1/01/1994,35.21937,-101.70593
CLL,DFW,164,1/05/1994,30.58859,-96.36382
HOU,DFW,247,1/04/1994,29.64542,-95.27889
DFW,BTR,383,1/06/1994,32.89595,-97.0372
JLN,DFW,327,1/08/1994,37.15181,-94.49827
CID,DFW,685,1/01/1994,41.88459,-91.71087
MLI,DFW,691,1/11/1994,41.44853,-90.50754
GSP,DFW,862,1/11/1994,34.89567,-82.21886
RDU,JFK,427,1/12/1994,35.87764,-78.78747
CVG,MIA,948,1/02/1994,39.04614,-84.66217
MHK,DFW,431,1/11/1994,39.14097,-96.67083
MOB,DFW,539,1/10/1994,30.69142,-88.24283
TLH,DFW,767,1/07/1994,30.39653,-84.35033
PNS,MIA,530,1/03/1994,30.47331,-87.18744
BHM,MIA,661,1/01/1994,33.56294,-86.75355
CVG,DFW,812,1/10/1994,39.04614,-84.66217
CAE,DFW,922,1/08/1994,33.93884,-81.11954
TXK,DFW,181,1/04/1994,33.45371,-93.99102
OAK,LAS,407,1/02/1994,37.72129,-122.22072
DFW,OAK,1457,1/11/1994,32.89595,-97.0372
ACY,RSW,982,1/02/1994,39.45758,-74.57717
DTW,LGA,502,1/06/1994,42.21206,-83.34884
DFW,FLL,1119,1/06/1994,32.89595,-97.0372
SMF,LAX,373,1/04/1994,38.69542,-121.59077
RAP,DEN,300,1/07/1994,44.04532,-103.05737
TUS,SFO,751,1/10/1994,32.11608,-110.94103
EAU,ORD,268,1/06/1994,44.86526,-91.48507
DLH,ORD,397,1/05/1994,46.84209,-92.19365
FSD,ORD,462,1/05/1994,43.58135,-96.7417
AUS,SFO,1504,1/05/1994,30.19453,-97.66987
FAT,SEA,748,1/01/1994,36.77619,-119.71814
ONT,PDX,838,1/01/1994,34.056,-117.60119
INL,BRD,153,1/11/1994,48.56619,-93.40307
CMX,ORD,359,1/03/1994,47.16842,-88.48906
SMF,SFO,86,1/03/1994,38.69542,-121.59077
BOI,LAX,674,1/12/1994,43.56444,-116.22278
SPI,ORD,174,1/12/1994,39.84395,-89.67762
CLD,LAX,86,1/04/1994,33.12723,-117.27873
COD,DEN,391,1/03/1994,44.52019,-109.0238
FAT,SFO,158,1/09/1994,36.77619,-119.71814
CMH,MIA,990,1/08/1994,39.99799,-82.89188
LRD,DFW,396,1/09/1994,27.54374,-99.46154
PSC,DEN,852,1/09/1994,46.26468,-119.11903
CPR,DEN,230,1/08/1994,42.90836,-106.46447
ACV,SFO,250,1/07/1994,40.97812,-124.10862
DAL,IAH,216,1/08/1994,32.84711,-96.85177
PAH,ORD,342,1/11/1994,37.06083,-88.77375
PSC,SFO,620,1/07/1994,46.26468,-119.11903
CID,ORD,196,1/10/1994,41.88459,-91.71087
EUG,SFO,451,1/10/1994,44.12326,-123.21869
DFW,DEN,641,1/02/1994,32.89595,-97.0372
MRY,SFO,77,1/09/1995,36.58698,-121.84295
SLC,LAX,590,1/11/1995,40.78839,-111.97777
ESC,DTW,306,1/11/1995,45.72267,-87.09373
MFR,SFO,329,1/09/1995,42.37423,-122.8735
FAT,DEN,844,1/10/1995,36.77619,-119.71814
SFO,EWR,2565,1/10/1995,37.619,-122.37484
LAS,IAH,1222,1/08/1995,36.08036,-115.15233
EWR,SFO,2565,1/08/1995,40.6925,-74.16866
ISN,DEN,576,1/08/1995,48.17794,-103.64235
HNL,LIH,102,1/08/1995,21.31869,-157.92241
PSP,SFO,421,1/08/1995,33.82922,-116.50625
PSP,DEN,776,1/08/1995,33.82922,-116.50625
SAT,IAH,191,1/05/1995,29.53369,-98.46978
LAX,EWR,2454,1/09/1995,33.94254,-118.40807
LAX,SFO,337,1/06/1995,33.94254,-118.40807
CLE,IAD,288,1/07/1995,41.41089,-81.8494
CAE,IAD,401,1/02/1995,33.93884,-81.11954
PHX,DEN,602,1/02/1995,33.43417,-112.00806
SMF,IAH,1609,1/02/1995,38.69542,-121.59077
JFK,SFO,2586,1/03/1995,40.63975,-73.77893
BOS,PHX,2300,1/03/1995,42.36435,-71.00518
BOS,CLT,728,1/03/1995,42.36435,-71.00518
DTW,MIA,1145,1/01/1995,42.21206,-83.34884
FLL,EWR,1065,1/01/1995,26.07258,-80.15275
GEG,DEN,836,1/04/1995,47.61986,-117.53384
SAT,STL,786,1/06/1995,29.53369,-98.46978
ONT,DEN,819,1/06/1995,34.056,-117.60119
CLE,EWR,404,1/06/1995,41.41089,-81.8494
DFW,PHX,868,1/04/1995,32.89595,-97.0372
MFE,DFW,469,1/04/1995,26.17583,-98.23861
STL,DFW,550,1/12/1995,38.74769,-90.35999
SJU,MIA,1045,1/12/1995,18.43942,-66.00183
MKE,DFW,853,1/12/1995,42.94722,-87.89658
SEA,SFO,679,1/05/1995,47.44898,-122.30931
SEA,LAS,867,1/07/1995,47.44898,-122.30931
BTV,JFK,266,1/07/1995,44.473,-73.15031
JFK,FLL,1069,1/05/1995,40.63975,-73.77893
SFO,LGB,354,1/05/1995,37.619,-122.37484
PBI,BOS,1197,1/11/1995,26.68316,-80.09559
MCO,JFK,944,1/09/1995,28.42889,-81.31603
SJU,MCO,1189,1/10/1995,18.43942,-66.00183
BDL,ATL,859,1/06/1995,41.93887,-72.68323
RDU,ATL,356,1/10/1995,35.87764,-78.78747
SFO,SLC,599,1/03/1995,37.619,-122.37484
TUS,IAH,936,1/12/1995,32.11608,-110.94103
PIA,ATL,565,1/02/1995,40.66424,-89.69331
IND,DEN,977,1/04/1995,39.71733,-86.29438
MCI,DEN,533,1/06/1995,39.29761,-94.71391
DFW,DEN,641,1/01/1995,32.89595,-97.0372
FSM,DFW,227,1/01/1995,35.33659,-94.36744
AEX,DFW,285,1/04/1995,31.32737,-92.54856
SPS,DFW,113,1/03/1995,33.9888,-98.49189
ACT,DFW,89,1/03/1995,31.61129,-97.23052
SJT,DFW,229,1/03/1995,31.35775,-100.49631
JAN,DFW,408,1/02/1995,32.31117,-90.07589
HNL,OGG,100,1/05/1995,21.31869,-157.92241
OKC,LAX,1187,1/02/1995,35.39309,-97.60073
FAR,DEN,627,1/03/1995,46.91935,-96.81499
SFO,IAH,1635,1/03/1995,37.619,-122.37484
EWR,FLL,1065,1/01/1995,40.6925,-74.16866
MTJ,DEN,196,1/01/1996,38.50887,-107.89383
RSW,DTW,1084,1/11/1996,26.53617,-81.75517
GCC,RKS,261,1/06/1996,44.3489,-105.53936
MSY,EWR,1167,1/04/1996,29.99339,-90.25803
ORD,MCO,1005,1/05/1996,41.9796,-87.90446
RIC,ORD,642,1/10/1996,37.50517,-77.31967
RDM,SFO,462,1/11/1996,44.25407,-121.14996
OGG,HNL,100,1/07/1996,20.89865,-156.43046
SJC,SLC,584,1/11/1996,37.36186,-121.92901
ORD,MBS,222,1/11/1996,41.9796,-87.90446
EWR,CLT,529,1/03/1996,40.6925,-74.16866
PHX,BWI,1999,1/12/1996,33.43417,-112.00806
SEA,IAD,2306,1/11/1996,47.44898,-122.30931
LAS,SFO,414,1/10/1996,36.08036,-115.15233
DFW,MIA,1121,1/10/1996,32.89595,-97.0372
BNA,DFW,631,1/02/1996,36.12448,-86.67818
PHX,DFW,868,1/10/1996,33.43417,-112.00806
BOS,MIA,1258,1/01/1996,42.36435,-71.00518
LAX,STL,1592,1/02/1996,33.94254,-118.40807
OAK,SEA,671,1/03/1996,37.72129,-122.22072
SEA,LAX,954,1/01/1996,47.44898,-122.30931
BOS,IAD,413,1/01/1996,42.36435,-71.00518
LAX,JFK,2475,1/07/1996,33.94254,-118.40807
DCA,FLL,899,1/07/1996,38.85208,-77.03772
DTW,BOS,632,1/03/1996,42.21206,-83.34884
BNA,LAX,1797,1/06/1996,36.12448,-86.67818
PHL,ATL,666,1/06/1996,39.87195,-75.24114
PHX,MSP,1276,1/09/1996,33.43417,-112.00806
SJU,FLL,1046,1/09/1996,18.43942,-66.00183
VPS,IAH,528,1/09/1996,30.48325,-86.5254
GUC,DEN,152,1/06/1996,38.53396,-106.93318
MIA,LGA,1096,1/04/1996,25.79325,-80.29056
RIC,MIA,825,1/04/1996,37.50517,-77.31967
DTW,LGA,502,1/08/1996,42.21206,-83.34884
ORF,MIA,802,1/05/1996,36.89461,-76.20122
MOT,DEN,604,1/05/1996,48.25938,-101.28033
STL,MIA,1068,1/04/1996,38.74769,-90.35999
BOS,FLL,1237,1/08/1996,42.36435,-71.00518
MLU,IAH,262,1/08/1996,32.51087,-92.03769
MAF,DEN,563,1/05/1996,31.94253,-102.20191
LAX,LAS,236,1/12/1996,33.94254,-118.40807
PDX,ORD,1739,1/12/1996,45.58872,-122.5975
JFK,SJU,1598,1/09/1996,40.63975,-73.77893
KOA,HNL,163,1/06/1996,19.73877,-156.04563
EUG,SLC,618,1/09/1996,44.12326,-123.21869
RNO,PHX,601,1/08/1996,39.49858,-119.76806
PHX,CLT,1773,1/11/1996,33.43417,-112.00806
CMH,ATL,447,1/06/1996,39.99799,-82.89188
HOU,ATL,696,1/12/1996,29.64542,-95.27889
HOU,PHX,1020,1/08/1996,29.64542,-95.27889
DTW,DFW,986,1/10/1996,42.21206,-83.34884
BOS,JFK,187,1/02/1996,42.36435,-71.00518
DFW,DCA,1192,1/12/1996,32.89595,-97.0372
MSP,DFW,852,1/03/1996,44.88055,-93.21692
SEA,SNA,978,1/11/1996,47.44898,-122.30931
BDL,DCA,313,1/07/1996,41.93887,-72.68323
SJU,BOS,1674,1/11/1996,18.43942,-66.00183
FLL,EWR,1065,1/05/1996,26.07258,-80.15275
MOB,ATL,302,1/06/1996,30.69142,-88.24283
SAN,SLC,626,1/01/1996,32.73356,-117.18966
LAS,SLC,368,1/04/1996,36.08036,-115.15233
DCA,DTW,405,1/12/1996,38.85208,-77.03772
SMF,SLC,532,1/07/1996,38.69542,-121.59077
DEN,DTW,1123,1/12/1996,39.85841,-104.667
SFO,ATL,2139,1/01/1996,37.619,-122.37484
LGA,MSP,1020,1/09/1997,40.77724,-73.87261
LAW,DFW,140,1/07/1997,34.56771,-98.41664
BRO,DFW,482,1/07/1997,25.90683,-97.42586
PIB,MEI,69,1/06/1997,31.46715,-89.33706
CHS,IAH,925,1/10/1997,32.89865,-80.04051
MEM,IAH,468,1/10/1997,35.04242,-89.97667
MGM,ATL,147,1/06/1997,32.30064,-86.39398
SLC,DEN,391,1/11/1997,40.78839,-111.97777
OMA,DEN,472,1/05/1997,41.30252,-95.89417
FAR,DFW,968,1/05/1997,46.91935,-96.81499
DCA,JFK,213,1/08/1997,38.85208,-77.03772
MSN,DFW,821,1/10/1997,43.13986,-89.33751
CMH,LGA,479,1/03/1997,39.99799,-82.89188
SBP,LAX,156,1/03/1997,35.23706,-120.64239
COS,IAH,809,1/03/1997,38.80581,-104.70025
OAK,SLC,588,1/07/1997,37.72129,-122.22072
LAR,DEN,113,1/05/1997,41.31205,-105.67499
SAN,LAX,109,1/04/1997,32.73356,-117.18966
BFL,SFO,238,1/04/1997,35.4336,-119.05677
DRO,PHX,351,1/02/1997,37.15152,-107.75377
MRY,PHX,598,1/02/1997,36.58698,-121.84295
FAT,PHX,493,1/12/1997,36.77619,-119.71814
MSP,ORD,334,1/09/1997,44.88055,-93.21692
DFW,ORD,802,1/11/1997,32.89595,-97.0372
BIS,DEN,516,1/01/1997,46.77411,-100.74672
ITO,HNL,216,1/01/1997,19.72026,-155.04847
PBI,LGA,1035,1/01/1997,26.68316,-80.09559
SAT,ORD,1041,1/08/1997,29.53369,-98.46978
FLL,IAH,965,1/08/1997,26.07258,-80.15275
BUF,CLT,546,1/06/1997,42.94052,-78.73217
SEA,ORD,1721,1/09/1997,47.44898,-122.30931
CMH,FLL,973,1/04/1997,39.99799,-82.89188
LAS,HOU,1235,1/03/1997,36.08036,-115.15233
PVD,MCO,1072,1/10/1997,41.724,-71.42822
SAN,BWI,2295,1/12/1997,32.73356,-117.18966
SAN,MDW,1728,1/10/1997,32.73356,-117.18966
SMF,PHX,647,1/10/1997,38.69542,-121.59077
SAN,DEN,853,1/01/1997,32.73356,-117.18966
SAN,EWR,2425,1/02/1997,32.73356,-117.18966
SJC,PHX,621,1/01/1997,37.36186,-121.92901
SJC,DFW,1438,1/04/1997,37.36186,-121.92901
DFW,BOS,1562,1/03/1997,32.89595,-97.0372
SAN,DFW,1171,1/05/1997,32.73356,-117.18966
LAX,DFW,1235,1/03/1997,33.94254,-118.40807
ONT,SEA,956,1/05/1997,34.056,-117.60119
RDU,MIA,700,1/03/1997,35.87764,-78.78747
ROC,ATL,749,1/03/1997,43.11887,-77.67238
MCO,ATL,404,1/05/1997,28.42889,-81.31603
DCA,MSP,931,1/05/1997,38.85208,-77.03772
CAE,IAH,878,1/01/1997,33.93884,-81.11954
BTR,ATL,448,1/04/1997,30.53316,-91.14963
IAD,MSP,908,1/01/1997,38.94453,-77.45581
SAV,DFW,925,1/09/1997,32.12758,-81.20214
GRI,DFW,561,1/01/1997,40.96747,-98.30861
PDX,SAN,933,1/07/1997,45.58872,-122.5975
DFW,MSP,852,1/10/1997,32.89595,-97.0372
PSP,SLC,541,1/08/1997,33.82922,-116.50625
ISN,MSP,546,1/08/1997,48.17794,-103.64235
HLN,DEN,594,1/04/1997,46.60682,-111.98275
MCO,IAH,854,1/09/1997,28.42889,-81.31603
BOS,RIC,474,1/07/1997,42.36435,-71.00518
BZN,DEN,524,1/07/1997,45.7769,-111.15301
FAT,SLC,501,1/04/1997,36.77619,-119.71814
FSD,DEN,483,1/09/1997,43.58135,-96.7417
IAH,ORD,925,1/02/1997,29.98047,-95.33972
EWR,IAH,1400,1/08/1997,40.6925,-74.16866
PIT,DTW,201,1/06/1997,40.49147,-80.23287
FLL,CLT,631,1/06/1997,26.07258,-80.15275
MIA,EWR,1085,1/06/1997,25.79325,-80.29056
DEN,ATL,1199,1/02/1997,39.85841,-104.667
MDW,PHX,1444,1/01/1997,41.78598,-87.75242
LAX,PHL,2402,1/06/1997,33.94254,-118.40807
IAD,DFW,1172,1/02/1997,38.94453,-77.45581
LAX,AUS,1242,1/10/1997,33.94254,-118.40807
CLT,DFW,936,1/10/1997,35.21401,-80.94313
PHL,DFW,1303,1/11/1997,39.87195,-75.24114
DFW,CLT,936,1/11/1997,32.89595,-97.0372
ATL,DFW,731,1/12/1997,33.64044,-84.42694
RDU,DFW,1061,1/04/1997,35.87764,-78.78747
SAT,DFW,247,1/05/1997,29.53369,-98.46978
FAI,SEA,1533,1/07/1997,64.81368,-147.85967
FLL,BOS,1237,1/10/1997,26.07258,-80.15275
RSW,BOS,1249,1/03/1997,26.53617,-81.75517
MIA,ATL,594,1/09/1997,25.79325,-80.29056
BWI,MSP,936,1/09/1997,39.1754,-76.6682
MDT,ATL,620,1/10/1998,40.1935,-76.7634
EWR,BOS,200,1/08/1998,40.6925,-74.16866
SCE,DTW,301,1/07/1998,40.85121,-77.8463
GEG,DEN,836,1/02/1998,47.61986,-117.53384
LEX,DFW,785,1/11/1998,38.03697,-84.60539
VPS,DFW,641,1/08/1998,30.48325,-86.5254
BWI,ORD,622,1/06/1998,39.1754,-76.6682
SBA,PHX,455,1/12/1998,34.42621,-119.84037
SBP,PHX,509,1/03/1998,35.23706,-120.64239
PNS,IAH,489,1/07/1998,30.47331,-87.18744
COS,DEN,73,1/01/1998,38.80581,-104.70025
CLE,ORD,315,1/09/1998,41.41089,-81.8494
LIH,HNL,102,1/04/1998,21.97598,-159.33896
TWF,SLC,175,1/12/1998,42.4818,-114.48774
SAN,ATL,1892,1/06/1998,32.73356,-117.18966
BDL,ORD,783,1/05/1998,41.93887,-72.68323
LAX,PHX,370,1/05/1998,33.94254,-118.40807
EWR,PHX,2133,1/11/1998,40.6925,-74.16866
PHL,CLT,449,1/12/1998,39.87195,-75.24114
AUS,IAH,140,1/03/1998,30.19453,-97.66987
SFO,EWR,2565,1/04/1998,37.619,-122.37484
RNO,SFO,192,1/10/1998,39.49858,-119.76806
SEA,MDW,1733,1/07/1998,47.44898,-122.30931
SJU,TPA,1237,1/01/1998,18.43942,-66.00183
HNL,LAX,2556,1/11/1998,21.31869,-157.92241
CLT,PHL,449,1/06/1998,35.21401,-80.94313
JFK,PHX,2153,1/10/1998,40.63975,-73.77893
SAN,PHX,304,1/05/1998,32.73356,-117.18966
ONT,PHX,325,1/03/1998,34.056,-117.60119
MIA,CLT,650,1/12/1998,25.79325,-80.29056
PBI,ORD,1144,1/09/1998,26.68316,-80.09559
EWR,DFW,1372,1/08/1998,40.6925,-74.16866
ANC,OTZ,548,1/02/1998,61.17432,-149.99619
SAN,SEA,1050,1/02/1998,32.73356,-117.18966
SAN,PDX,933,1/01/1999,32.73356,-117.18966
JFK,LAX,2475,1/08/1999,40.63975,-73.77893
LGA,MCO,950,1/12/1999,40.77724,-73.87261
JFK,RSW,1074,1/06/1999,40.63975,-73.77893
BOS,PIT,496,1/09/1999,42.36435,-71.00518
SFO,JFK,2586,1/05/1999,37.619,-122.37484
MSP,ATL,907,1/10/1999,44.88055,-93.21692
AUS,ATL,813,1/02/1999,30.19453,-97.66987
COS,ATL,1184,1/04/1999,38.80581,-104.70025
DTW,ATL,594,1/03/1999,42.21206,-83.34884
MSY,LGA,1183,1/11/1999,29.99339,-90.25803
SEA,ATL,2182,1/07/1999,47.44898,-122.30931
EWR,ATL,746,1/01/1999,40.6925,-74.16866
TPA,ATL,406,1/07/1999,27.97547,-82.53325
BPT,DFW,270,1/12/1999,29.95083,-94.02069
RIC,IAD,100,1/02/1999,37.50517,-77.31967
EWR,JAX,820,1/01/1999,40.6925,-74.16866
GPT,IAH,376,1/04/1999,30.40728,-89.07009
TPA,DEN,1506,1/08/1999,27.97547,-82.53325
RSW,DEN,1607,1/01/1999,26.53617,-81.75517
DEN,DFW,641,1/12/1999,39.85841,-104.667
CLE,MCO,895,1/03/1999,41.41089,-81.8494
GPT,DFW,500,1/09/1999,30.40728,-89.07009
MGM,DFW,622,1/06/1999,32.30064,-86.39398
SAN,LAX,109,1/02/1999,32.73356,-117.18966
ACY,MYR,466,1/04/1999,39.45758,-74.57717
STC,ORD,394,1/11/1999,45.54532,-94.05834
BOI,LAX,674,1/01/1999,43.56444,-116.22278
SFO,SAN,447,1/01/1999,37.619,-122.37484
MSP,LAX,1535,1/05/1999,44.88055,-93.21692
BFL,PHX,425,1/07/1999,35.4336,-119.05677
TPA,ORD,1012,1/10/1999,27.97547,-82.53325
ORD,IAD,589,1/11/1999,41.9796,-87.90446
HNL,OGG,100,1/02/1999,21.31869,-157.92241
JFK,MSY,1182,1/01/2000,40.63975,-73.77893
MKE,ORD,67,1/12/2000,42.94722,-87.89658
MIA,ORD,1197,1/09/2000,25.79325,-80.29056
SEA,PHL,2378,1/06/2000,47.44898,-122.30931
SAT,ATL,874,1/10/2000,29.53369,-98.46978
PDX,MDW,1751,1/11/2000,45.58872,-122.5975
LAS,PHX,255,1/03/2000,36.08036,-115.15233
JAX,DFW,918,1/02/2000,30.49406,-81.68786
MSY,DFW,447,1/04/2000,29.99339,-90.25803
PIT,DFW,1067,1/07/2000,40.49147,-80.23287
COS,DFW,592,1/05/2000,38.80581,-104.70025
SEA,SAN,1050,1/08/2000,47.44898,-122.30931
PDX,SAN,933,1/11/2000,45.58872,-122.5975
SEA,SLC,689,1/05/2000,47.44898,-122.30931
PVD,MCO,1072,1/01/2000,41.724,-71.42822
HPN,PBI,1056,1/02/2000,41.06696,-73.70757
JFK,LAS,2248,1/07/2000,40.63975,-73.77893
MLB,ATL,442,1/12/2000,28.10275,-80.64581
PIT,ATL,526,1/09/2000,40.49147,-80.23287
SAN,MSP,1532,1/06/2000,32.73356,-117.18966
ABE,ATL,692,1/08/2000,40.65236,-75.4404
SPI,DFW,630,1/10/2000,39.84395,-89.67762
PLN,DTW,243,1/03/2000,45.57093,-84.79672
PDX,ONT,838,1/04/2000,45.58872,-122.5975
RSW,EWR,1068,1/05/2001,26.53617,-81.75517
SJC,MSP,1576,1/07/2001,37.36186,-121.92901
CIU,DTW,284,1/03/2001,46.25075,-84.47239
MCO,CLT,468,1/06/2001,28.42889,-81.31603
BWI,CLT,361,1/11/2001,39.1754,-76.6682
EWR,CLT,529,1/01/2001,40.6925,-74.16866
AUS,ATL,813,1/04/2001,30.19453,-97.66987
CAK,MCO,861,1/03/2001,40.91631,-81.44247
FLL,LAS,2173,1/09/2001,26.07258,-80.15275
MKE,LAS,1524,1/09/2001,42.94722,-87.89658
PHX,MDW,1444,1/12/2001,33.43417,-112.00806
SJC,LAS,386,1/08/2001,37.36186,-121.92901
LAS,EWR,2227,1/10/2001,36.08036,-115.15233
ORD,EWR,719,1/02/2001,41.9796,-87.90446
DSM,DFW,624,1/06/2001,41.53493,-93.66068
IAH,DFW,224,1/04/2001,29.98047,-95.33972
RIC,DFW,1158,1/09/2001,37.50517,-77.31967
BLI,SEA,93,1/03/2001,48.79275,-122.53753
PDX,LAX,834,1/12/2001,45.58872,-122.5975
SEA,PSP,987,1/08/2001,47.44898,-122.30931
LAX,PDX,834,1/10/2001,33.94254,-118.40807
SEA,DFW,1660,1/07/2001,47.44898,-122.30931
SLC,SJC,584,1/04/2001,40.78839,-111.97777
BDL,MIA,1194,1/05/2001,41.93887,-72.68323
RSW,ATL,515,1/01/2001,26.53617,-81.75517
TPA,LGA,1010,1/11/2001,27.97547,-82.53325
MCO,LGA,950,1/02/2001,28.42889,-81.31603
SFO,MSP,1589,1/08/2001,37.619,-122.37484
CRP,DFW,354,1/11/2001,27.77036,-97.50122
SHV,DFW,190,1/11/2002,32.44663,-93.8256
BTR,DFW,383,1/10/2002,30.53316,-91.14963
MLU,DFW,293,1/12/2002,32.51087,-92.03769
PIA,DFW,672,1/05/2002,40.66424,-89.69331
ROW,DFW,435,1/10/2002,33.30156,-104.53056
FWA,DFW,859,1/12/2002,40.97847,-85.19515
CHS,MIA,489,1/11/2002,32.89865,-80.04051
GSO,MIA,710,1/06/2002,36.09775,-79.9373
LGA,FLL,1076,1/03/2002,40.77724,-73.87261
DTW,ATL,594,1/10/2002,42.21206,-83.34884
DTW,FLL,1127,1/10/2002,42.21206,-83.34884
PDX,BUR,817,1/11/2002,45.58872,-122.5975
MSN,ORD,108,1/11/2002,43.13986,-89.33751
COS,LAX,833,1/07/2002,38.80581,-104.70025
GCC,DEN,313,1/06/2002,44.3489,-105.53936
LAX,IAH,1379,1/02/2002,33.94254,-118.40807
SNA,IAH,1346,1/11/2002,33.67566,-117.86822
BUF,ORD,473,1/08/2002,42.94052,-78.73217
SFO,LAX,337,1/04/2002,37.619,-122.37484
DAL,MDW,793,1/12/2002,32.84711,-96.85177
LIT,DAL,296,1/10/2002,34.7294,-92.22425
MHT,MCO,1142,1/12/2002,42.93452,-71.43706
ALB,MCO,1073,1/09/2002,42.74812,-73.80298
SAT,BWI,1407,1/01/2002,29.53369,-98.46978
OKC,ATL,761,1/12/2002,35.39309,-97.60073
SNA,PHX,338,1/11/2002,33.67566,-117.86822
DFW,STL,550,1/11/2002,32.89595,-97.0372
LGA,DFW,1389,1/11/2002,40.77724,-73.87261
LAS,ORD,1514,1/05/2002,36.08036,-115.15233
BNA,MIA,806,1/09/2002,36.12448,-86.67818
MSP,MIA,1501,1/01/2002,44.88055,-93.21692
SNA,DFW,1205,1/04/2002,33.67566,-117.86822
MIA,DCA,919,1/02/2002,25.79325,-80.29056
JFK,BOS,187,1/11/2002,40.63975,-73.77893
BOS,DTW,632,1/11/2002,42.36435,-71.00518
OMA,ATL,821,1/03/2002,41.30252,-95.89417
PIT,MSP,726,1/07/2002,40.49147,-80.23287
SNA,ATL,1919,1/08/2002,33.67566,-117.86822
FLL,ATL,581,1/12/2002,26.07258,-80.15275
SNA,MSP,1522,1/06/2002,33.67566,-117.86822
ATL,LGA,762,1/10/2002,33.64044,-84.42694
BHM,ATL,134,1/02/2003,33.56294,-86.75355
BNA,ATL,214,1/03/2003,36.12448,-86.67818
FLL,DFW,1119,1/08/2003,26.07258,-80.15275
SAN,JFK,2446,1/04/2003,32.73356,-117.18966
BHM,DFW,597,1/08/2003,33.56294,-86.75355
HOB,IAH,501,1/02/2003,32.68753,-103.21703
LNK,DEN,423,1/07/2003,40.85097,-96.75925
DEN,MSP,680,1/01/2003,39.85841,-104.667
LAS,DEN,628,1/10/2003,36.08036,-115.15233
SNA,DEN,846,1/11/2003,33.67566,-117.86822
SGF,DFW,364,1/09/2003,37.24433,-93.38686
CMI,DFW,693,1/10/2003,40.03925,-88.27806
COU,DFW,489,1/06/2003,38.81809,-92.21963
BWI,FLL,925,1/05/2003,39.1754,-76.6682
MCI,IAH,643,1/12/2003,39.29761,-94.71391
GTF,DEN,624,1/05/2003,47.482,-111.37069
BNA,CVG,230,1/04/2003,36.12448,-86.67818
SNA,SFO,372,1/04/2003,33.67566,-117.86822
PHX,LAX,370,1/04/2003,33.43417,-112.00806
ATL,IAH,689,1/04/2003,33.64044,-84.42694
EKO,SLC,200,1/12/2003,40.82493,-115.7917
IAD,JFK,228,1/01/2003,38.94453,-77.45581
HNL,KOA,163,1/03/2003,21.31869,-157.92241
FAT,SFO,158,1/02/2003,36.77619,-119.71814
LAX,MSP,1535,1/05/2003,33.94254,-118.40807
PHX,SFO,651,1/09/2003,33.43417,-112.00806
PIT,CLT,366,1/11/2003,40.49147,-80.23287
MSP,CLT,930,1/07/2003,44.88055,-93.21692
BWI,MCO,787,1/10/2003,39.1754,-76.6682
MSY,ATL,425,1/08/2003,29.99339,-90.25803
PHX,DAL,879,1/02/2003,33.43417,-112.00806
FLL,ORD,1182,1/04/2003,26.07258,-80.15275
PHL,PHX,2075,1/06/2003,39.87195,-75.24114
LAX,SFO,337,1/08/2003,33.94254,-118.40807
MEM,DFW,432,1/11/2003,35.04242,-89.97667
BOS,DFW,1562,1/04/2003,42.36435,-71.00518
AUS,DFW,190,1/09/2003,30.19453,-97.66987
DFW,TPA,929,1/10/2003,32.89595,-97.0372
CLE,DFW,1021,1/02/2003,41.41089,-81.8494
LAX,DFW,1235,1/08/2003,33.94254,-118.40807
SJC,SEA,697,1/01/2003,37.36186,-121.92901
PDX,SNA,859,1/08/2003,45.58872,-122.5975
LAS,PDX,763,1/10/2003,36.08036,-115.15233
SEA,SMF,605,1/04/2003,47.44898,-122.30931
LGB,OAK,353,1/11/2003,33.81772,-118.15161
LAX,JFK,2475,1/10/2003,33.94254,-118.40807
AVL,ATL,164,1/07/2003,35.43619,-82.54181
HSV,ATL,151,1/01/2003,34.64045,-86.77311
BNA,ORD,409,1/06/2003,36.12448,-86.67818
SAF,DFW,551,1/09/2003,35.61678,-106.08814
GRR,DFW,931,1/08/2003,42.88082,-85.52277
XNA,ORD,522,1/02/2003,36.28187,-94.30681
SUX,ORD,436,1/12/2003,42.4026,-96.38437
LFT,DFW,351,1/09/2003,30.20528,-91.98766
ORD,TPA,1012,1/12/2003,41.9796,-87.90446
PSP,IAH,1269,1/12/2003,33.82922,-116.50625
HYS,DEN,298,1/12/2003,38.84494,-99.27403
BOS,EWR,200,1/03/2003,42.36435,-71.00518
HNL,ITO,216,1/02/2003,21.31869,-157.92241
JFK,MIA,1089,1/01/2003,40.63975,-73.77893
DTW,LAS,1749,1/01/2003,42.21206,-83.34884
EWR,MIA,1085,1/11/2003,40.6925,-74.16866
SAN,IAH,1303,1/05/2003,32.73356,-117.18966
DFW,IAH,224,1/06/2003,32.89595,-97.0372
RIC,CLT,257,1/04/2003,37.50517,-77.31967
TPA,CLT,507,1/03/2003,27.97547,-82.53325
TPA,EWR,997,1/06/2003,27.97547,-82.53325
CAK,ATL,528,1/03/2003,40.91631,-81.44247
MCO,ATL,404,1/11/2003,28.42889,-81.31603
ABQ,DAL,580,1/08/2003,35.04022,-106.60919
PVD,FLL,1188,1/09/2003,41.724,-71.42822
PHL,FLL,992,1/10/2003,39.87195,-75.24114
PHL,LAS,2176,1/02/2003,39.87195,-75.24114
MIA,DEN,1709,1/12/2003,25.79325,-80.29056
TUL,DFW,237,1/07/2003,36.19837,-95.88824
LAX,BOS,2611,1/05/2003,33.94254,-118.40807
DFW,LGA,1389,1/10/2003,32.89595,-97.0372
BWI,DFW,1217,1/08/2003,39.1754,-76.6682
DFW,LAX,1235,1/12/2003,32.89595,-97.0372
SFO,JFK,2586,1/04/2003,37.619,-122.37484
MKE,MSP,297,1/07/2003,42.94722,-87.89658
PDX,MSP,1426,1/07/2003,45.58872,-122.5975
MCO,DCA,759,1/05/2003,28.42889,-81.31603
JFK,BUF,301,1/03/2003,40.63975,-73.77893
MSP,LAS,1299,1/05/2003,44.88055,-93.21692
ATL,MCO,404,1/06/2003,33.64044,-84.42694
MFE,IAH,316,1/08/2003,26.17583,-98.23861
TTN,RDU,373,1/05/2003,40.27669,-74.81347
ELP,ORD,1236,1/06/2003,31.80667,-106.37781
HSV,ORD,510,1/08/2003,34.64045,-86.77311
ABQ,ORD,1118,1/02/2003,35.04022,-106.60919
RDU,SFO,2400,1/10/2003,35.87764,-78.78747
EWR,LAX,2454,1/04/2003,40.6925,-74.16866
DCA,CLT,331,1/03/2003,38.85208,-77.03772
MCO,EWR,937,1/01/2003,28.42889,-81.31603
DCA,MIA,919,1/07/2004,38.85208,-77.03772
JFK,SFO,2586,1/02/2004,40.63975,-73.77893
JFK,PBI,1028,1/05/2004,40.63975,-73.77893
LGA,ATL,762,1/11/2004,40.77724,-73.87261
PSP,PHX,261,1/03/2004,33.82922,-116.50625
DVL,JMS,83,1/07/2004,48.11425,-98.90878
ALB,ORD,723,1/04/2004,42.74812,-73.80298
PDX,SFO,550,1/05/2004,45.58872,-122.5975
EWR,TPA,997,1/09/2004,40.6925,-74.16866
JAX,CLT,328,1/11/2004,30.49406,-81.68786
CLE,CLT,430,1/01/2004,41.41089,-81.8494
CLT,MIA,650,1/10/2004,35.21401,-80.94313
IAH,CLT,912,1/08/2004,29.98047,-95.33972
IND,CLT,427,1/02/2004,39.71733,-86.29438
DFW,CLT,936,1/09/2004,32.89595,-97.0372
LGA,ORD,733,1/08/2004,40.77724,-73.87261
BOS,IAH,1597,1/12/2004,42.36435,-71.00518
BOS,ORD,867,1/11/2004,42.36435,-71.00518
SFO,EWR,2565,1/06/2004,37.619,-122.37484
SNA,DEN,846,1/07/2004,33.67566,-117.86822
SFO,IAH,1635,1/10/2004,37.619,-122.37484
JFK,LAX,2475,1/09/2004,40.63975,-73.77893
LAS,SFO,414,1/06/2004,36.08036,-115.15233
BUF,FLL,1165,1/12/2004,42.94052,-78.73217
BWI,HOU,1246,1/11/2004,39.1754,-76.6682
BWI,LAS,2106,1/08/2004,39.1754,-76.6682
CLE,PHX,1737,1/01/2004,41.41089,-81.8494
DCA,DAL,1184,1/04/2004,38.85208,-77.03772
ISP,FLL,1092,1/03/2004,40.79524,-73.10021
MDW,DAL,793,1/01/2004,41.78598,-87.75242
MDW,TPA,997,1/02/2004,41.78598,-87.75242
MSP,MDW,349,1/10/2004,44.88055,-93.21692
PIT,MCO,834,1/07/2004,40.49147,-80.23287
SAT,BNA,822,1/09/2004,29.53369,-98.46978
HOU,MCO,849,1/05/2004,29.64542,-95.27889
MCO,SFO,2446,1/06/2004,28.42889,-81.31603
EWR,DEN,1605,1/02/2004,40.6925,-74.16866
ORD,PHX,1440,1/08/2004,41.9796,-87.90446
ATL,CLT,226,1/06/2004,33.64044,-84.42694
SLC,PHX,507,1/10/2004,40.78839,-111.97777
BOI,PHX,735,1/10/2004,43.56444,-116.22278
DCA,PHX,1979,1/11/2004,38.85208,-77.03772
JFK,LAX,2475,1/08/2004,40.63975,-73.77893
ATL,MIA,594,1/09/2004,33.64044,-84.42694
LAX,JFK,2475,1/03/2004,33.94254,-118.40807
SFO,MIA,2585,1/07/2004,37.619,-122.37484
BOS,LAX,2611,1/07/2004,42.36435,-71.00518
MIA,LAS,2174,1/08/2004,25.79325,-80.29056
DFW,BNA,631,1/02/2004,32.89595,-97.0372
LGA,ORD,733,1/07/2004,40.77724,-73.87261
FAT,DFW,1313,1/12/2004,36.77619,-119.71814
BOS,ORD,867,1/11/2004,42.36435,-71.00518
LAS,DFW,1055,1/08/2004,36.08036,-115.15233
MIA,IAH,964,1/12/2004,25.79325,-80.29056
DFW,MCO,985,1/12/2004,32.89595,-97.0372
MCO,LAX,2218,1/11/2004,28.42889,-81.31603
MIA,BOS,1258,1/01/2004,25.79325,-80.29056
TPA,DFW,929,1/07/2004,27.97547,-82.53325
SEA,DFW,1660,1/05/2004,47.44898,-122.30931
DFW,ATL,731,1/04/2004,32.89595,-97.0372
TUS,DFW,813,1/11/2004,32.11608,-110.94103
DFW,MIA,1121,1/05/2004,32.89595,-97.0372
LGA,MIA,1096,1/10/2004,40.77724,-73.87261
EWR,SEA,2402,1/12/2004,40.6925,-74.16866
MSP,SEA,1399,1/10/2004,44.88055,-93.21692
ANC,SEA,1448,1/11/2004,61.17432,-149.99619
PSP,SFO,421,1/05/2004,33.82922,-116.50625
SFO,SEA,679,1/09/2004,37.619,-122.37484
SJC,PDX,569,1/09/2004,37.36186,-121.92901
PDX,SEA,129,1/02/2004,45.58872,-122.5975
LAX,SEA,954,1/06/2004,33.94254,-118.40807
SEA,LAX,954,1/04/2004,47.44898,-122.30931
SNA,SEA,978,1/04/2004,33.67566,-117.86822
BUR,SEA,937,1/09/2004,34.20062,-118.3585
LAS,SEA,867,1/03/2004,36.08036,-115.15233
PHX,PDX,1009,1/03/2004,33.43417,-112.00806
SLC,LAX,590,1/03/2004,40.78839,-111.97777
PDX,HNL,2603,1/06/2004,45.58872,-122.5975
SAN,OGG,2541,1/02/2004,32.73356,-117.18966
OAK,LIH,2457,1/01/2004,37.72129,-122.22072
LAX,BOS,2611,1/05/2004,33.94254,-118.40807
BOS,DCA,399,1/07/2004,42.36435,-71.00518
BOS,SAN,2588,1/04/2004,42.36435,-71.00518
DCA,MCO,759,1/06/2004,38.85208,-77.03772
BOS,JAX,1010,1/01/2004,42.36435,-71.00518
PDX,LGB,846,1/01/2004,45.58872,-122.5975
BOS,HOU,1609,1/08/2005,42.36435,-71.00518
BOS,AUS,1698,1/08/2005,42.36435,-71.00518
PIT,FLL,994,1/02/2005,40.49147,-80.23287
SEA,LAX,954,1/02/2005,47.44898,-122.30931
PDX,JFK,2454,1/07/2005,45.58872,-122.5975
JFK,LAX,2475,1/05/2005,40.63975,-73.77893
SEA,DTW,1927,1/07/2005,47.44898,-122.30931
SFO,DTW,2079,1/07/2005,37.619,-122.37484
DCA,ATL,547,1/04/2005,38.85208,-77.03772
ORF,ATL,516,1/02/2005,36.89461,-76.20122
DAB,ATL,366,1/05/2005,29.17992,-81.05806
PBI,ATL,545,1/01/2005,26.68316,-80.09559
SLC,MSP,991,1/06/2005,40.78839,-111.97777
SEA,MSP,1399,1/01/2005,47.44898,-122.30931
DAY,DFW,861,1/05/2005,39.90238,-84.21938
MSP,PHX,1276,1/06/2005,44.88055,-93.21692
LGA,PBI,1035,1/09/2005,40.77724,-73.87261
RSW,LGA,1080,1/07/2005,26.53617,-81.75517
MIA,LGA,1096,1/09/2005,25.79325,-80.29056
CLE,ATL,554,1/12/2005,41.41089,-81.8494
PBI,LGA,1035,1/04/2005,26.68316,-80.09559
JFK,SJU,1598,1/10/2005,40.63975,-73.77893
MKE,ATL,669,1/04/2005,42.94722,-87.89658
RDU,BOS,612,1/12/2005,35.87764,-78.78747
JFK,SFO,2586,1/12/2005,40.63975,-73.77893
FLL,LGA,1076,1/11/2005,26.07258,-80.15275
LAX,DTW,1979,1/06/2005,33.94254,-118.40807
LAS,JFK,2248,1/12/2005,36.08036,-115.15233
MSP,MIA,1501,1/10/2005,44.88055,-93.21692
MSP,RSW,1416,1/11/2005,44.88055,-93.21692
JFK,MCO,944,1/10/2005,40.63975,-73.77893
CLE,ORD,315,1/12/2005,41.41089,-81.8494
LFT,IAH,201,1/01/2005,30.20528,-91.98766
SHV,ATL,551,1/03/2005,32.44663,-93.8256
ROC,LGA,254,1/10/2005,43.11887,-77.67238
CID,MSP,220,1/09/2005,41.88459,-91.71087
PVD,ORD,849,1/09/2005,41.724,-71.42822
ORD,PHX,1440,1/10/2005,41.9796,-87.90446
CLE,RSW,1025,1/09/2005,41.41089,-81.8494
DEN,MCO,1546,1/08/2005,39.85841,-104.667
MCO,DEN,1546,1/11/2005,28.42889,-81.31603
DFW,DSM,624,1/05/2005,32.89595,-97.0372
GRK,DFW,134,1/02/2005,31.0649,-97.8278
PNS,DFW,604,1/10/2005,30.47331,-87.18744
GJT,DFW,773,1/09/2005,39.12241,-108.52673
HPN,ORD,738,1/11/2005,41.06696,-73.70757
BMI,DFW,690,1/08/2005,40.47799,-88.91595
DFW,MAF,309,1/08/2005,32.89595,-97.0372
ATL,FLL,581,1/03/2005,33.64044,-84.42694
ACY,FLL,977,1/03/2005,39.45758,-74.57717
LBE,RSW,956,1/03/2005,40.27594,-79.4048
IAH,LAS,1222,1/06/2005,29.98047,-95.33972
FLL,MCO,177,1/02/2005,26.07258,-80.15275
FLL,BOS,1237,1/01/2005,26.07258,-80.15275
ASE,DEN,125,1/04/2005,39.22316,-106.86885
BUR,SFO,326,1/04/2005,34.20062,-118.3585
SAN,SLC,626,1/07/2005,32.73356,-117.18966
KOA,HNL,163,1/09/2005,19.73877,-156.04563
SEA,PDX,129,1/08/2005,47.44898,-122.30931
RKS,DEN,260,1/10/2005,41.59422,-109.06519
SBA,SFO,262,1/04/2005,34.42621,-119.84037
BOI,ORD,1437,1/12/2005,43.56444,-116.22278
CPR,SLC,320,1/03/2005,42.90836,-106.46447
COS,DEN,73,1/03/2005,38.80581,-104.70025
ORD,DEN,888,1/01/2005,41.9796,-87.90446
PHX,ORD,1440,1/05/2005,33.43417,-112.00806
MSY,IAH,305,1/02/2005,29.99339,-90.25803
CLE,RSW,1025,1/11/2005,41.41089,-81.8494
MIA,TPA,204,1/07/2005,25.79325,-80.29056
BTR,IAH,253,1/06/2005,30.53316,-91.14963
BTV,ORD,763,1/09/2005,44.473,-73.15031
FLL,BWI,925,1/08/2005,26.07258,-80.15275
SFO,BOI,522,1/10/2005,37.619,-122.37484
ORD,SFO,1846,1/11/2005,41.9796,-87.90446
SFO,JFK,2586,1/06/2005,37.619,-122.37484
BDL,FLL,1173,1/07/2005,41.93887,-72.68323
BWI,FLL,925,1/03/2005,39.1754,-76.6682
CMH,TPA,829,1/12/2005,39.99799,-82.89188
DAL,BWI,1209,1/02/2005,32.84711,-96.85177
DAL,STL,546,1/05/2005,32.84711,-96.85177
FLL,BWI,925,1/04/2005,26.07258,-80.15275
MCO,LAS,2039,1/08/2005,28.42889,-81.31603
MDW,MCO,990,1/06/2005,41.78598,-87.75242
OAK,HOU,1642,1/09/2005,37.72129,-122.22072
SAT,ELP,496,1/01/2005,29.53369,-98.46978
TPA,BWI,842,1/03/2005,27.97547,-82.53325
TUS,DEN,639,1/05/2005,32.11608,-110.94103
SNA,EWR,2434,1/07/2005,33.67566,-117.86822
RDU,CLT,130,1/04/2005,35.87764,-78.78747
MKE,PHX,1460,1/02/2005,42.94722,-87.89658
BWI,PHX,1999,1/11/2005,39.1754,-76.6682
SAN,DFW,1171,1/02/2005,32.73356,-117.18966
PDX,ORD,1739,1/10/2005,45.58872,-122.5975
ORF,DFW,1212,1/07/2005,36.89461,-76.20122
OKC,DFW,175,1/12/2005,35.39309,-97.60073
MIA,LAX,2342,1/01/2005,25.79325,-80.29056
MIA,JFK,1089,1/10/2005,25.79325,-80.29056
PHX,ORD,1440,1/11/2005,33.43417,-112.00806
IND,DFW,761,1/12/2005,39.71733,-86.29438
CMH,DFW,926,1/12/2005,39.99799,-82.89188
LAS,LGB,231,1/12/2006,36.08036,-115.15233
LGB,SMF,387,1/12/2006,33.81772,-118.15161
FLL,JAX,319,1/08/2006,26.07258,-80.15275
STL,ATL,484,1/10/2006,38.74769,-90.35999
MSP,LGA,1020,1/11/2006,44.88055,-93.21692
LGA,MIA,1096,1/07/2006,40.77724,-73.87261
SEA,JFK,2422,1/07/2006,47.44898,-122.30931
SAN,DTW,1956,1/04/2006,32.73356,-117.18966
SLC,ATL,1590,1/08/2006,40.78839,-111.97777
MSP,TUS,1298,1/05/2006,44.88055,-93.21692
LIT,ATL,453,1/09/2006,34.7294,-92.22425
LGA,FLL,1076,1/03/2006,40.77724,-73.87261
FSD,DFW,737,1/09/2006,43.58135,-96.7417
ABI,DFW,158,1/12/2006,32.41132,-99.6819
FAR,ORD,557,1/12/2006,46.91935,-96.81499
EUG,LAX,748,1/06/2006,44.12326,-123.21869
SJC,LAX,308,1/01/2006,37.36186,-121.92901
LAX,SLC,590,1/03/2006,33.94254,-118.40807
BUF,JFK,301,1/08/2006,42.94052,-78.73217
LIH,HNL,102,1/07/2006,21.97598,-159.33896
MCO,JFK,944,1/07/2006,28.42889,-81.31603
SHV,IAH,192,1/04/2006,32.44663,-93.8256
MCO,BOS,1121,1/05/2006,28.42889,-81.31603
OGG,HNL,100,1/03/2006,20.89865,-156.43046
LAS,IAH,1222,1/05/2006,36.08036,-115.15233
GUM,HNL,3801,1/01/2006,13.48345,-144.79598
LAX,HNL,2556,1/03/2006,33.94254,-118.40807
ORF,CLT,290,1/07/2006,36.89461,-76.20122
AUS,BWI,1342,1/08/2006,30.19453,-97.66987
CAK,BOS,549,1/03/2006,40.91631,-81.44247
CMH,RSW,930,1/04/2006,39.99799,-82.89188
DAL,LGA,1381,1/11/2006,32.84711,-96.85177
LAS,SNA,226,1/05/2006,36.08036,-115.15233
SAN,DAL,1182,1/01/2006,32.73356,-117.18966
ONT,MDW,1706,1/06/2006,34.056,-117.60119
PHX,DEN,602,1/09/2006,33.43417,-112.00806
PIT,PHX,1814,1/02/2006,40.49147,-80.23287
MCO,PHX,1849,1/06/2006,28.42889,-81.31603
SFO,DFW,1464,1/05/2006,37.619,-122.37484
PHX,DFW,868,1/06/2006,33.43417,-112.00806
DFW,DEN,641,1/03/2006,32.89595,-97.0372
ANC,SCC,627,1/01/2006,61.17432,-149.99619
SEA,ONT,956,1/02/2006,47.44898,-122.30931
PHL,SLC,1927,1/02/2006,39.87195,-75.24114
CMH,ATL,447,1/09/2006,39.99799,-82.89188
CVG,ATL,373,1/04/2006,39.04614,-84.66217
BOS,TPA,1185,1/01/2006,42.36435,-71.00518
IND,ATL,432,1/11/2006,39.71733,-86.29438
TVC,ORD,224,1/11/2006,44.74144,-85.58224
DCA,DEN,1476,1/04/2006,38.85208,-77.03772
ALO,ORD,234,1/12/2006,42.55708,-92.40034
TLH,MIA,402,1/12/2006,30.39653,-84.35033
TPA,DTW,983,1/09/2006,27.97547,-82.53325
ASE,ORD,1013,1/09/2006,39.22316,-106.86885
MEM,LAX,1619,1/11/2006,35.04242,-89.97667
RIC,EWR,277,1/10/2006,37.50517,-77.31967
AUS,LGB,1226,1/11/2006,30.19453,-97.66987
FLL,LGA,1076,1/10/2006,26.07258,-80.15275
MIA,SJU,1045,1/01/2006,25.79325,-80.29056
LAS,MSP,1299,1/08/2006,36.08036,-115.15233
HNL,OGG,100,1/10/2006,21.31869,-157.92241
JFK,SJU,1598,1/08/2006,40.63975,-73.77893
IAH,ORD,925,1/02/2006,29.98047,-95.33972
CLE,SFO,2161,1/02/2006,41.41089,-81.8494
SFO,CLT,2296,1/06/2006,37.619,-122.37484
MSY,CLT,651,1/07/2006,29.99339,-90.25803
SEA,SFO,679,1/09/2006,47.44898,-122.30931
BOI,DEN,649,1/07/2006,43.56444,-116.22278
BNA,LAS,1587,1/12/2006,36.12448,-86.67818
CMH,LAS,1771,1/10/2006,39.99799,-82.89188
DCA,BNA,562,1/12/2006,38.85208,-77.03772
ISP,PBI,1052,1/07/2006,40.79524,-73.10021
MCO,MDW,990,1/05/2006,28.42889,-81.31603
SAN,SJC,417,1/08/2006,32.73356,-117.18966
SEA,PHX,1107,1/03/2006,47.44898,-122.30931
STL,LAS,1371,1/02/2006,38.74769,-90.35999
HOU,MDW,937,1/08/2006,29.64542,-95.27889
PHX,ATL,1587,1/08/2006,33.43417,-112.00806
BWI,ORD,622,1/09/2006,39.1754,-76.6682
PBI,EWR,1023,1/03/2006,26.68316,-80.09559
MIA,DFW,1121,1/12/2006,25.79325,-80.29056
MIA,SFO,2585,1/04/2006,25.79325,-80.29056
SEA,JFK,2422,1/12/2006,47.44898,-122.30931
ELP,DFW,551,1/06/2006,31.80667,-106.37781
MIA,LGA,1096,1/10/2006,25.79325,-80.29056
MIA,ORD,1197,1/10/2006,25.79325,-80.29056
AUS,LAX,1242,1/01/2006,30.19453,-97.66987
ONT,DFW,1188,1/05/2006,34.056,-117.60119
DFW,RDU,1061,1/05/2006,32.89595,-97.0372
RNO,DFW,1345,1/10/2006,39.49858,-119.76806
DFW,FLL,1119,1/03/2006,32.89595,-97.0372
SMF,SEA,605,1/02/2006,38.69542,-121.59077
PBI,BOS,1197,1/01/2006,26.68316,-80.09559
BOS,ORD,867,1/07/2006,42.36435,-71.00518
MCO,HPN,972,1/11/2006,28.42889,-81.31603
BOS,STT,1693,1/09/2006,42.36435,-71.00518
MEM,MCO,684,1/09/2006,35.04242,-89.97667
CLT,ATL,226,1/08/2006,35.21401,-80.94313
PHX,ATL,1587,1/02/2006,33.43417,-112.00806
PHX,JFK,2153,1/12/2006,33.43417,-112.00806
MSY,ATL,425,1/10/2006,29.99339,-90.25803
RDU,ATL,356,1/12/2006,35.87764,-78.78747
BOS,ATL,946,1/11/2006,42.36435,-71.00518
LAS,ATL,1747,1/01/2006,36.08036,-115.15233
MCI,IAH,643,1/08/2006,39.29761,-94.71391
IAH,CLT,912,1/09/2006,29.98047,-95.33972
CLE,LGA,419,1/12/2006,41.41089,-81.8494
IAD,CVG,388,1/10/2006,38.94453,-77.45581
MCO,MDT,851,1/06/2006,28.42889,-81.31603
XNA,DFW,280,1/01/2006,36.28187,-94.30681
MHK,ORD,501,1/11/2006,39.14097,-96.67083
DFW,LAX,1235,1/12/2006,32.89595,-97.0372
TUS,LAX,451,1/03/2006,32.11608,-110.94103
IMT,RHI,67,1/02/2006,45.81835,-88.11454
MRY,LAX,266,1/04/2006,36.58698,-121.84295
ASE,LAX,737,1/10/2006,39.22316,-106.86885
EWR,PBI,1023,1/05/2006,40.6925,-74.16866
SFO,SBP,190,1/07/2006,37.619,-122.37484
FLL,LGA,1076,1/08/2006,26.07258,-80.15275
MCO,SLC,1931,1/09/2006,28.42889,-81.31603
CRP,IAH,201,1/04/2006,27.77036,-97.50122
BZN,DEN,524,1/11/2006,45.7769,-111.15301
JFK,FLL,1069,1/03/2006,40.63975,-73.77893
MAF,IAH,429,1/05/2006,31.94253,-102.20191
ITO,HNL,216,1/02/2006,19.72026,-155.04847
DTW,IAH,1075,1/01/2006,42.21206,-83.34884
ORD,MKE,67,1/07/2006,41.9796,-87.90446
IAH,BWI,1235,1/09/2006,29.98047,-95.33972
SFO,ORD,1846,1/08/2006,37.619,-122.37484
ORD,LAX,1744,1/12/2006,41.9796,-87.90446
LAX,BNA,1797,1/06/2006,33.94254,-118.40807
LGA,DAL,1381,1/10/2006,40.77724,-73.87261
MCI,MCO,1072,1/07/2007,39.29761,-94.71391
MKE,ATL,669,1/01/2007,42.94722,-87.89658
ALB,FLL,1204,1/10/2007,42.74812,-73.80298
PVD,TPA,1136,1/08/2007,41.724,-71.42822
SFO,LAS,414,1/09/2007,37.619,-122.37484
PDX,LAS,763,1/05/2007,45.58872,-122.5975
IAH,SFO,1635,1/02/2007,29.98047,-95.33972
TPA,PHX,1788,1/06/2007,27.97547,-82.53325
SFO,JFK,2586,1/11/2007,37.619,-122.37484
DFW,PHL,1303,1/04/2007,32.89595,-97.0372
SAT,DFW,247,1/12/2007,29.53369,-98.46978
IAD,MIA,921,1/03/2007,38.94453,-77.45581
BWI,MIA,946,1/11/2007,39.1754,-76.6682
MIA,EWR,1085,1/08/2007,25.79325,-80.29056
MIA,MCO,192,1/06/2007,25.79325,-80.29056
BDL,DFW,1471,1/03/2007,41.93887,-72.68323
LAX,DFW,1235,1/10/2007,33.94254,-118.40807
SEA,JNU,909,1/12/2007,47.44898,-122.30931
SEA,SFO,679,1/11/2007,47.44898,-122.30931
PDX,KOA,2607,1/01/2007,45.58872,-122.5975
OAK,OGG,2349,1/07/2007,37.72129,-122.22072
BDL,FLL,1173,1/05/2007,41.93887,-72.68323
BDL,ATL,859,1/09/2007,41.93887,-72.68323
DEN,MSP,680,1/02/2007,39.85841,-104.667
ATL,SLC,1590,1/04/2007,33.64044,-84.42694
CVG,TPA,773,1/04/2007,39.04614,-84.66217
PDX,SLC,630,1/12/2007,45.58872,-122.5975
ORD,RIC,642,1/05/2007,41.9796,-87.90446
CLE,MSP,622,1/07/2007,41.41089,-81.8494
IAH,DTW,1075,1/12/2007,29.98047,-95.33972
IAH,CMH,986,1/10/2007,29.98047,-95.33972
DFW,HOU,247,1/02/2007,32.89595,-97.0372
LCH,DFW,295,1/11/2007,30.1261,-93.2234
LIT,ORD,552,1/04/2007,34.7294,-92.22425
BIS,DFW,977,1/09/2007,46.77411,-100.74672
DFW,CVG,812,1/09/2007,32.89595,-97.0372
IAH,MCO,854,1/09/2007,29.98047,-95.33972
ORF,ORD,717,1/05/2007,36.89461,-76.20122
LAX,CLD,86,1/06/2007,33.94254,-118.40807
TYS,ORD,475,1/01/2007,35.81249,-83.99286
ELP,DEN,563,1/07/2007,31.80667,-106.37781
HNL,ITO,216,1/03/2007,21.31869,-157.92241
LAS,DEN,628,1/05/2007,36.08036,-115.15233
JNU,KTN,234,1/02/2007,58.35496,-134.57628
EWR,IAH,1400,1/07/2007,40.6925,-74.16866
HNL,SFO,2398,1/06/2007,21.31869,-157.92241
JAC,DEN,406,1/01/2007,43.60732,-110.73774
PHX,IAD,1956,1/03/2007,33.43417,-112.00806
IAH,IAD,1190,1/08/2007,29.98047,-95.33972
ORD,CLT,599,1/10/2007,41.9796,-87.90446
BDL,DEN,1671,1/07/2007,41.93887,-72.68323
DEN,CAK,1224,1/12/2007,39.85841,-104.667
FLL,ATL,581,1/07/2007,26.07258,-80.15275
ATL,DAL,721,1/10/2007,33.64044,-84.42694
PIT,RSW,966,1/11/2007,40.49147,-80.23287
RIC,MCO,667,1/03/2007,37.50517,-77.31967
PHL,ATL,666,1/01/2007,39.87195,-75.24114
EWR,FLL,1065,1/05/2007,40.6925,-74.16866
CMH,PHX,1670,1/04/2007,39.99799,-82.89188
DTW,PHX,1671,1/07/2007,42.21206,-83.34884
SJC,ORD,1829,1/04/2007,37.36186,-121.92901
ABQ,DFW,569,1/03/2007,35.04022,-106.60919
PSP,DFW,1126,1/02/2007,33.82922,-116.50625
TPA,LAX,2158,1/06/2007,27.97547,-82.53325
DFW,IAH,224,1/03/2007,32.89595,-97.0372
BNA,DFW,631,1/11/2007,36.12448,-86.67818
PDX,SFO,550,1/11/2007,45.58872,-122.5975
SEA,LAS,867,1/07/2007,47.44898,-122.30931
SEA,PHX,1107,1/04/2007,47.44898,-122.30931
BUF,FLL,1165,1/10/2007,42.94052,-78.73217
FLL,MSP,1487,1/06/2007,26.07258,-80.15275
IAH,ATL,689,1/12/2007,29.98047,-95.33972
ATL,BDL,859,1/12/2007,33.64044,-84.42694
RAP,DFW,835,1/11/2007,44.04532,-103.05737
DFW,CRP,354,1/12/2007,32.89595,-97.0372
MEI,DFW,485,1/05/2007,32.33313,-88.75121
CVG,FLL,932,1/12/2007,39.04614,-84.66217
DBQ,ORD,147,1/09/2007,42.40296,-90.70917
GCK,DFW,404,1/12/2007,37.92752,-100.72441
GNV,MIA,294,1/11/2007,29.69006,-82.27178
DTW,DFW,986,1/07/2007,42.21206,-83.34884
ORD,LAX,1744,1/09/2007,41.9796,-87.90446
SLC,LAX,590,1/01/2007,40.78839,-111.97777
BRD,MSP,114,1/02/2007,46.39786,-94.13723
SAT,DTW,1214,1/02/2007,29.53369,-98.46978
TUS,DEN,639,1/06/2007,32.11608,-110.94103
MCO,CLE,895,1/02/2007,28.42889,-81.31603
HNL,LIH,102,1/07/2007,21.31869,-157.92241
IAH,EWR,1400,1/08/2007,29.98047,-95.33972
IAH,MCO,854,1/02/2007,29.98047,-95.33972
IAH,GPT,376,1/05/2007,29.98047,-95.33972
DIK,DEN,488,1/02/2007,46.79739,-102.80195
TPA,JFK,1005,1/08/2007,27.97547,-82.53325
BTV,LGA,258,1/01/2007,44.473,-73.15031
IAH,LAX,1379,1/06/2007,29.98047,-95.33972
LGA,IAH,1416,1/04/2007,40.77724,-73.87261
ATL,SFO,2139,1/03/2007,33.64044,-84.42694
JFK,MCO,944,1/08/2007,40.63975,-73.77893
LGA,TPA,1010,1/05/2007,40.77724,-73.87261
BNA,SLC,1404,1/10/2007,36.12448,-86.67818
CLT,PHX,1773,1/10/2007,35.21401,-80.94313
CLT,PHL,449,1/10/2007,35.21401,-80.94313
PHX,CLT,1773,1/09/2007,33.43417,-112.00806
LAX,JFK,2475,1/01/2007,33.94254,-118.40807
LAS,BUR,223,1/09/2007,36.08036,-115.15233
RDU,LAS,2026,1/10/2007,35.87764,-78.78747
SJU,FLL,1046,1/09/2007,18.43942,-66.00183
IAH,DEN,862,1/08/2007,29.98047,-95.33972
PHL,ORD,678,1/08/2007,39.87195,-75.24114
STL,PHX,1262,1/09/2007,38.74769,-90.35999
MSP,PHX,1276,1/06/2007,44.88055,-93.21692
DCA,DFW,1192,1/02/2007,38.85208,-77.03772
SFO,LAX,337,1/11/2007,37.619,-122.37484
JFK,BOS,187,1/07/2007,40.63975,-73.77893
LGA,DFW,1389,1/01/2007,40.77724,-73.87261
STL,ORD,258,1/10/2007,38.74769,-90.35999
DFW,MCI,460,1/08/2007,32.89595,-97.0372
LGA,PBI,1035,1/09/2007,40.77724,-73.87261
MCO,MIA,192,1/04/2007,28.42889,-81.31603
DFW,LAS,1055,1/05/2007,32.89595,-97.0372
BOS,FLL,1237,1/03/2007,42.36435,-71.00518
FLL,BOS,1237,1/12/2007,26.07258,-80.15275
EWR,SJU,1608,1/07/2007,40.6925,-74.16866
FLL,JFK,1069,1/07/2007,26.07258,-80.15275
GSO,ATL,306,1/08/2007,36.09775,-79.9373
MSP,PIT,726,1/11/2007,44.88055,-93.21692
LAX,ATL,1947,1/05/2007,33.94254,-118.40807
PNS,ATL,271,1/10/2007,30.47331,-87.18744
LAS,DTW,1749,1/12/2007,36.08036,-115.15233
MSP,ATL,907,1/04/2007,44.88055,-93.21692
ATL,MIA,594,1/09/2007,33.64044,-84.42694
SDF,ATL,321,1/08/2007,38.17439,-85.736
DFW,DTW,986,1/07/2007,32.89595,-97.0372
BWI,SLC,1865,1/06/2007,39.1754,-76.6682
CHS,ATL,259,1/07/2007,32.89865,-80.04051
DEN,LGA,1620,1/12/2007,39.85841,-104.667
HPN,RSW,1102,1/10/2007,41.06696,-73.70757
HPN,ORD,738,1/11/2007,41.06696,-73.70757
LBB,IAH,458,1/07/2007,33.66364,-101.82278
CAE,ATL,192,1/01/2007,33.93884,-81.11954
AVP,ORD,632,1/03/2007,41.33815,-75.72427
ORD,ATL,606,1/08/2007,41.9796,-87.90446
GSO,DFW,999,1/08/2007,36.09775,-79.9373
HNL,KOA,163,1/06/2007,21.31869,-157.92241
SGF,DFW,364,1/10/2007,37.24433,-93.38686
SGF,ORD,438,1/07/2007,37.24433,-93.38686
CID,DFW,685,1/10/2007,41.88459,-91.71087
CMI,ORD,135,1/04/2007,40.03925,-88.27806
DFW,BTR,383,1/11/2007,32.89595,-97.0372
DFW,SHV,190,1/11/2007,32.89595,-97.0372
DFW,TYS,772,1/02/2007,32.89595,-97.0372
COU,ORD,315,1/11/2007,38.81809,-92.21963
FLL,DFW,1119,1/11/2007,26.07258,-80.15275
FLL,DTW,1127,1/11/2007,26.07258,-80.15275
ACY,MCO,852,1/10/2007,39.45758,-74.57717
RDM,LAX,726,1/10/2007,44.25407,-121.14996
HLN,SLC,402,1/04/2007,46.60682,-111.98275
OKC,SLC,866,1/05/2007,35.39309,-97.60073
SFO,SMF,86,1/05/2007,37.619,-122.37484
MSP,SFO,1589,1/12/2007,44.88055,-93.21692
DFW,SFO,1464,1/12/2007,32.89595,-97.0372
SLC,DEN,391,1/07/2007,40.78839,-111.97777
BTM,SLC,358,1/09/2007,45.9548,-112.49746
LGA,PBI,1035,1/09/2007,40.77724,-73.87261
CVG,RSW,879,1/09/2007,39.04614,-84.66217
DFW,ATL,731,1/07/2007,32.89595,-97.0372
STL,SFO,1735,1/11/2008,38.74769,-90.35999
BOS,DEN,1754,1/11/2008,42.36435,-71.00518
FLL,DEN,1703,1/02/2008,26.07258,-80.15275
ORD,IAH,925,1/02/2008,41.9796,-87.90446
FLL,ORD,1182,1/08/2008,26.07258,-80.15275
CMH,ORD,296,1/04/2008,39.99799,-82.89188
MIA,DEN,1709,1/04/2008,25.79325,-80.29056
LAX,CLT,2125,1/11/2008,33.94254,-118.40807
TPA,MIA,204,1/09/2008,27.97547,-82.53325
MEM,CLT,511,1/05/2008,35.04242,-89.97667
PHL,MIA,1013,1/05/2008,39.87195,-75.24114
CLE,MCO,895,1/10/2008,41.41089,-81.8494
ATL,MDW,591,1/02/2008,33.64044,-84.42694
ELP,AUS,528,1/01/2008,31.80667,-106.37781
EWR,MDW,711,1/09/2008,40.6925,-74.16866
ISP,MCO,971,1/08/2008,40.79524,-73.10021
MCI,BWI,967,1/01/2008,39.29761,-94.71391
MCI,MSY,689,1/12/2008,39.29761,-94.71391
MCO,BNA,616,1/12/2008,28.42889,-81.31603
SEA,SAN,1050,1/03/2008,47.44898,-122.30931
SJC,LAS,386,1/03/2008,37.36186,-121.92901
SLC,PHX,507,1/06/2008,40.78839,-111.97777
HOU,PHX,1020,1/03/2008,29.64542,-95.27889
LAX,IAD,2288,1/12/2008,33.94254,-118.40807
MCO,DFW,985,1/07/2008,28.42889,-81.31603
LAS,LAX,236,1/06/2008,36.08036,-115.15233
DFW,BDL,1471,1/10/2008,32.89595,-97.0372
PBI,DFW,1102,1/10/2008,26.68316,-80.09559
SLC,DFW,989,1/08/2008,40.78839,-111.97777
SEA,KTN,680,1/08/2008,47.44898,-122.30931
JNU,ANC,571,1/11/2008,58.35496,-134.57628
SEA,DEN,1024,1/10/2008,47.44898,-122.30931
TPA,DCA,814,1/02/2008,27.97547,-82.53325
BOS,MCO,1121,1/12/2008,42.36435,-71.00518
MSP,PDX,1426,1/10/2008,44.88055,-93.21692
LAX,SLC,590,1/10/2008,33.94254,-118.40807
RSW,DFW,1017,1/12/2008,26.53617,-81.75517
DTW,FLL,1127,1/06/2008,42.21206,-83.34884
SHV,DFW,190,1/02/2008,32.44663,-93.8256
IAH,IND,844,1/03/2008,29.98047,-95.33972
DFW,LIT,304,1/05/2008,32.89595,-97.0372
LAX,SMF,373,1/02/2008,33.94254,-118.40807
OGG,HNL,100,1/04/2008,20.89865,-156.43046
FLL,EWR,1065,1/01/2008,26.07258,-80.15275
BOS,PBI,1197,1/01/2008,42.36435,-71.00518
CLE,IAH,1091,1/03/2008,41.41089,-81.8494
ORD,EWR,719,1/03/2008,41.9796,-87.90446
DEN,PDX,991,1/07/2008,39.85841,-104.667
BDL,RSW,1180,1/08/2008,41.93887,-72.68323
IND,BWI,516,1/05/2008,39.71733,-86.29438
LAS,DAL,1067,1/11/2008,36.08036,-115.15233
LAS,SAT,1069,1/06/2008,36.08036,-115.15233
LAX,DAL,1246,1/12/2008,33.94254,-118.40807
MCO,DAL,973,1/07/2008,28.42889,-81.31603
MCO,STL,882,1/03/2008,28.42889,-81.31603
PHX,HOU,1020,1/05/2008,33.43417,-112.00806
SMF,PHX,647,1/11/2008,38.69542,-121.59077
TPA,ATL,406,1/04/2008,27.97547,-82.53325
TUL,DAL,237,1/02/2008,36.19837,-95.88824
LAX,PHX,370,1/09/2008,33.94254,-118.40807
MCI,DFW,460,1/06/2008,39.29761,-94.71391
DFW,SJC,1438,1/10/2008,32.89595,-97.0372
DEN,DFW,641,1/08/2008,39.85841,-104.667
RDU,ORD,646,1/01/2008,35.87764,-78.78747
AUS,DFW,190,1/09/2008,30.19453,-97.66987
DFW,ORD,802,1/06/2008,32.89595,-97.0372
JFK,RDU,427,1/07/2008,40.63975,-73.77893
SJU,FLL,1046,1/12/2008,18.43942,-66.00183
JFK,IAD,228,1/12/2008,40.63975,-73.77893
RSW,MSP,1416,1/10/2008,26.53617,-81.75517
SFO,ATL,2139,1/04/2008,37.619,-122.37484
MCO,MSP,1310,1/08/2008,28.42889,-81.31603
BWI,ATL,577,1/05/2008,39.1754,-76.6682
JFK,SRQ,1041,1/04/2008,40.63975,-73.77893
DEN,SEA,1024,1/08/2008,39.85841,-104.667
TTN,CVG,532,1/06/2008,40.27669,-74.81347
DFW,TUL,237,1/07/2008,32.89595,-97.0372
DFW,GRK,134,1/03/2008,32.89595,-97.0372
DFW,PNS,604,1/01/2008,32.89595,-97.0372
XNA,ORD,522,1/07/2008,36.28187,-94.30681
MEM,ORD,491,1/09/2008,35.04242,-89.97667
OKC,ORD,693,1/10/2008,35.39309,-97.60073
MRY,LAX,266,1/11/2008,36.58698,-121.84295
FLL,ATL,581,1/11/2008,26.07258,-80.15275
OKC,SFO,1384,1/12/2008,35.39309,-97.60073
SJU,IAH,2007,1/11/2008,18.43942,-66.00183
SLC,IAH,1195,1/06/2008,40.78839,-111.97777
LAX,SAN,109,1/06/2008,33.94254,-118.40807
IAD,ORD,589,1/12/2008,38.94453,-77.45581
MIA,PHL,1013,1/07/2008,25.79325,-80.29056
MCI,ORD,403,1/04/2008,39.29761,-94.71391
BOI,IAH,1482,1/09/2008,43.56444,-116.22278
IAH,MIA,964,1/11/2008,29.98047,-95.33972
FLL,IAH,965,1/10/2008,26.07258,-80.15275
AUS,DEN,775,1/02/2008,30.19453,-97.66987
ORD,BTV,763,1/05/2008,41.9796,-87.90446
ORD,DSM,299,1/08/2008,41.9796,-87.90446
PHL,IAH,1325,1/05/2008,39.87195,-75.24114
SFO,IAD,2419,1/11/2008,37.619,-122.37484
BNA,CLT,328,1/11/2008,36.12448,-86.67818
STL,CLT,575,1/04/2008,38.74769,-90.35999
AUS,PHL,1430,1/05/2008,30.19453,-97.66987
ATL,PHX,1587,1/01/2008,33.64044,-84.42694
SAN,IAD,2253,1/10/2008,32.73356,-117.18966
LGA,DEN,1620,1/02/2008,40.77724,-73.87261
CLT,BWI,361,1/12/2008,35.21401,-80.94313
DAL,ATL,721,1/09/2008,32.84711,-96.85177
DAL,FLL,1108,1/11/2008,32.84711,-96.85177
DAL,LAS,1067,1/07/2008,32.84711,-96.85177
DAL,PHX,879,1/08/2008,32.84711,-96.85177
MDW,DEN,895,1/03/2008,41.78598,-87.75242
MSY,LAS,1500,1/06/2008,29.99339,-90.25803
PIT,LAS,1910,1/08/2008,40.49147,-80.23287
SLC,DEN,391,1/07/2008,40.78839,-111.97777
STL,MDW,251,1/12/2008,38.74769,-90.35999
PBI,ATL,545,1/08/2008,26.68316,-80.09559
MIA,EWR,1085,1/07/2008,25.79325,-80.29056
CLE,PHX,1737,1/06/2008,41.41089,-81.8494
DFW,IND,761,1/01/2008,32.89595,-97.0372
DFW,SEA,1660,1/01/2008,32.89595,-97.0372
TPA,ORD,1012,1/12/2008,27.97547,-82.53325
DFW,DTW,986,1/03/2008,32.89595,-97.0372
FLL,DFW,1119,1/03/2008,26.07258,-80.15275
SEA,SNA,978,1/03/2008,47.44898,-122.30931
MCO,SJU,1189,1/07/2008,28.42889,-81.31603
JFK,CHS,636,1/03/2008,40.63975,-73.77893
SAT,ATL,874,1/01/2008,29.53369,-98.46978
JAX,ATL,270,1/04/2008,30.49406,-81.68786
EWR,ATL,746,1/03/2008,40.6925,-74.16866
SEA,ATL,2182,1/03/2008,47.44898,-122.30931
ATL,LGA,762,1/02/2008,33.64044,-84.42694
SAV,ATL,214,1/06/2008,32.12758,-81.20214
BNA,ATL,214,1/02/2008,36.12448,-86.67818
MIA,ATL,594,1/01/2008,25.79325,-80.29056
TPA,JFK,1005,1/05/2008,27.97547,-82.53325
FLL,ATL,581,1/05/2008,26.07258,-80.15275
SLC,DTW,1481,1/05/2008,40.78839,-111.97777
EWR,DAY,533,1/09/2008,40.6925,-74.16866
OKC,DTW,900,1/02/2008,35.39309,-97.60073
SCE,ORD,528,1/04/2008,40.85121,-77.8463
ELM,ORD,566,1/12/2008,42.15991,-76.89144
SYR,ORD,607,1/06/2008,43.11119,-76.10631
DEN,DCA,1476,1/06/2008,39.85841,-104.667
GRB,ORD,173,1/06/2008,44.48507,-88.12959
BTR,DFW,383,1/07/2008,30.53316,-91.14963
DCA,ORD,612,1/04/2008,38.85208,-77.03772
MKE,IAH,984,1/04/2008,42.94722,-87.89658
ASE,IAH,913,1/04/2008,39.22316,-106.86885
COS,ORD,911,1/07/2008,38.80581,-104.70025
PBI,EWR,1023,1/05/2008,26.68316,-80.09559
CLT,IAH,912,1/09/2008,35.21401,-80.94313
RKS,SLC,162,1/04/2008,41.59422,-109.06519
MCO,IAH,854,1/08/2008,28.42889,-81.31603
SJU,STT,68,1/05/2008,18.43942,-66.00183
PIH,SLC,150,1/02/2008,42.91131,-112.59586
IAH,AUS,140,1/02/2008,29.98047,-95.33972
LAX,LAS,236,1/01/2008,33.94254,-118.40807
BUF,PHX,1912,1/09/2008,42.94052,-78.73217
DAL,TUL,237,1/10/2008,32.84711,-96.85177
HOU,ATL,696,1/11/2008,29.64542,-95.27889
MKE,PHX,1460,1/10/2008,42.94722,-87.89658
STL,MCO,882,1/11/2008,38.74769,-90.35999
PHL,DEN,1558,1/11/2008,39.87195,-75.24114
MIA,IAH,964,1/09/2008,25.79325,-80.29056
CLE,TPA,927,1/12/2008,41.41089,-81.8494
RSW,ORD,1120,1/09/2008,26.53617,-81.75517
BOS,ORD,867,1/11/2008,42.36435,-71.00518
SMF,DFW,1431,1/11/2008,38.69542,-121.59077
DFW,LGA,1389,1/12/2008,32.89595,-97.0372
ICT,DFW,328,1/02/2008,37.64996,-97.43305
BOS,MIA,1258,1/10/2008,42.36435,-71.00518
DFW,DCA,1192,1/11/2008,32.89595,-97.0372
PDX,BOS,2537,1/09/2008,45.58872,-122.5975
SEA,LAX,954,1/10/2008,47.44898,-122.30931
SEA,BUR,937,1/05/2008,47.44898,-122.30931
SLC,SFO,599,1/08/2008,40.78839,-111.97777
MEM,ATL,332,1/08/2008,35.04242,-89.97667
DFW,OKC,175,1/08/2008,32.89595,-97.0372
MOB,IAH,427,1/10/2008,30.69142,-88.24283
RIC,ORD,642,1/06/2008,37.50517,-77.31967
SJC,OGG,2355,1/07/2008,37.36186,-121.92901
CMH,ORD,296,1/08/2008,39.99799,-82.89188
MSP,MCO,1310,1/12/2008,44.88055,-93.21692
DFW,LGA,1389,1/10/2008,32.89595,-97.0372
SUN,SLC,222,1/11/2008,43.50484,-114.29659
LWS,SLC,461,1/09/2008,46.3745,-117.01539
IDA,SLC,188,1/08/2008,43.51456,-112.07017
LAS,LAX,236,1/05/2008,36.08036,-115.15233
PSP,PHX,261,1/07/2008,33.82922,-116.50625
EWR,MCO,937,1/06/2008,40.6925,-74.16866
EWR,RDU,416,1/02/2008,40.6925,-74.16866
